ping_time,busId,lat,lng,bearing,direction,plateNumber,stopId,disabledPerson,vehicleType,ac,bike,load
2025-11-13T16:54:15.159802,11688,32.020905,35.842754,307.48,0,58-11688,10612,0,0,0,0,N/A
2025-11-13T16:54:15.159802,56302,32.020824,35.842686,288.3,0,58-56302,10612,0,0,0,0,N/A
2025-11-13T16:54:15.159802,11442,32.020836,35.842667,289.1,0,58-11442,10612,0,0,0,0,N/A
2025-11-13T16:54:15.159802,10984,32.020836,35.842743,286.02,0,58-10984,10612,0,0,0,0,N/A
2025-11-13T16:54:15.159802,11526,32.020832,35.842724,293.64,0,58-11526,10612,0,0,0,0,N/A
2025-11-13T16:54:15.159802,11535,32.02162,35.84291,0,0,58-11535,10612,0,0,0,0,N/A
2025-11-13T16:54:15.159802,11682,32.018353,35.865177,0,0,58-11682,11671,0,0,0,0,N/A
2025-11-13T16:54:15.159802,11415,31.995323,35.885773,126.52,0,58-11415,10621,0,0,0,0,N/A
2025-11-13T16:54:15.159802,11364,31.947613,35.911934,64.18,0,58-11364,10633,0,0,0,0,N/A
2025-11-13T16:54:15.159802,66163,31.98531,35.89803,97.8,0,58-66163,10625,0,0,0,0,N/A
2025-11-13T16:54:15.159802,59197,31.955236,35.884296,124,0,58-59197,10631,0,0,0,0,N/A
2025-11-13T16:54:15.159802,84113,31.947355,35.91132,64,0,58-84113,10632,0,0,0,0,N/A
2025-11-13T16:54:15.159802,78890,31.94539,35.928776,192.1,0,58-78890,10635,0,0,0,0,N/A
2025-11-13T16:54:15.159802,42113,31.945946,35.928368,118.1,0,58-42113,10636,0,0,0,0,N/A
2025-11-13T16:54:15.159802,76678,31.948256,35.91487,97.4,0,58-76678,10641,0,0,0,0,N/A
2025-11-13T16:54:15.159802,45556,31.94535,35.928684,172.4,0,58-45556,10635,0,0,0,0,N/A
2025-11-13T16:54:15.159802,75259,31.94609,35.927895,105.9,0,58-75259,10635,0,0,0,0,N/A
2025-11-13T16:54:15.159802,94951,31.945663,35.928417,26.7,0,58-94951,10630,0,0,0,0,N/A
2025-11-13T16:54:15.159802,11017,32.02086,35.842735,283.3,0,58-11017,10612,0,0,0,0,N/A
2025-11-13T16:54:15.159802,10996,32.02087,35.84261,290.35,0,58-10996,10612,0,0,0,0,N/A
2025-11-13T16:54:15.159802,11541,32.015293,35.86808,0,0,58-11541,10637,0,0,0,0,N/A
2025-11-13T16:54:15.159802,11649,31.999647,36.01603,0,0,58-11649,11675,0,0,0,0,N/A
2025-11-13T16:54:15.159802,11652,31.945055,35.928375,0,0,58-11652,10637,0,0,0,0,N/A
2025-11-13T16:57:41.358808,63779,32.020885,35.842976,353.74,0,58-63779,10613,0,0,0,0,N/A
2025-11-13T16:57:41.358808,93341,32.02084,35.84267,285.6,0,58-93341,10612,0,0,0,0,N/A
2025-11-13T16:57:41.358808,11499,32.02088,35.84275,293.51,0,58-11499,10612,0,0,0,0,N/A
2025-11-13T16:57:41.358808,11688,32.020905,35.842754,307.48,0,58-11688,10612,0,0,0,0,N/A
2025-11-13T16:57:41.358808,56302,32.020824,35.842686,288.3,0,58-56302,10612,0,0,0,0,N/A
2025-11-13T16:57:41.358808,11442,32.021957,35.842705,0,0,58-11442,10612,0,0,0,0,N/A
2025-11-13T16:57:41.358808,10984,32.023952,35.851273,72.56,0,58-10984,10613,0,0,0,0,N/A
2025-11-13T16:57:41.358808,11526,32.022373,35.84562,71.52,0,58-11526,10612,0,0,0,0,N/A
2025-11-13T16:57:41.358808,11535,32.0247,35.854126,0,0,58-11535,10613,0,0,0,0,N/A
2025-11-13T16:57:41.358808,11682,32.01526,35.868042,0,0,58-11682,10617,0,0,0,0,N/A
2025-11-13T16:57:41.358808,11415,31.988197,35.895214,138.97,0,58-11415,10623,0,0,0,0,N/A
2025-11-13T16:57:41.358808,11364,31.945896,35.923298,0,0,58-11364,10635,0,0,0,0,N/A
2025-11-13T16:57:41.358808,66163,31.980883,35.891968,225.2,0,58-66163,10626,0,0,0,0,N/A
2025-11-13T16:57:41.358808,59197,31.951832,35.89752,92.6,0,58-59197,10632,0,0,0,0,N/A
2025-11-13T16:57:41.358808,84113,31.945927,35.91944,104.8,0,58-84113,10635,0,0,0,0,N/A
2025-11-13T16:57:41.358808,78890,31.94539,35.928776,192.1,0,58-78890,10635,0,0,0,0,N/A
2025-11-13T16:57:41.358808,42113,31.945946,35.928368,118.1,0,58-42113,10636,0,0,0,0,N/A
2025-11-13T16:57:41.358808,76678,31.945972,35.92339,69.5,0,58-76678,10635,0,0,0,0,N/A
2025-11-13T16:57:41.358808,45556,31.94535,35.928684,172.4,0,58-45556,10635,0,0,0,0,N/A
2025-11-13T16:57:41.358808,75259,31.94609,35.927895,105.9,0,58-75259,10635,0,0,0,0,N/A
2025-11-13T16:57:41.358808,94951,31.945755,35.928486,29.1,0,58-94951,10630,0,0,0,0,N/A
2025-11-13T16:57:41.358808,11017,32.02086,35.842735,283.3,0,58-11017,10612,0,0,0,0,N/A
2025-11-13T16:57:41.358808,10996,32.02087,35.84261,290.35,0,58-10996,10612,0,0,0,0,N/A
2025-11-13T16:57:41.358808,11541,32.002197,35.875683,138.68,0,58-11541,10637,0,0,0,0,N/A
2025-11-13T16:57:41.358808,11649,31.999647,36.01603,0,0,58-11649,11675,0,0,0,0,N/A
2025-11-13T16:57:41.358808,11652,31.945055,35.928375,0,0,58-11652,10637,0,0,0,0,N/A
2025-11-13T17:06:02.333010,42113,31.945337,35.92851,38.29,1,58-42113,10643,0,0,0,0,N/A
2025-11-13T17:06:02.333010,94951,31.954119,35.888683,302.39,1,58-94951,10635,0,0,0,0,N/A
2025-11-13T17:06:02.333010,45556,31.945509,35.92864,15,1,58-45556,10643,0,0,0,0,N/A
2025-11-13T17:06:02.333010,75259,31.948036,35.913097,253.1,1,58-75259,10635,0,0,0,0,N/A
2025-11-13T17:06:02.333010,37113,31.95546,35.88408,302.89,1,58-37113,10631,0,0,0,0,N/A
2025-11-13T17:06:02.333010,11547,31.944809,35.928852,0,1,58-11547,10635,0,0,0,0,N/A
2025-11-13T17:06:02.333010,73439,31.957855,35.879433,301.1,1,58-73439,10633,0,0,0,0,N/A
2025-11-13T17:06:02.333010,11496,31.974316,35.886707,11.8,1,58-11496,10628,0,0,0,0,N/A
2025-11-13T17:06:02.333010,11514,31.972122,35.88634,5.31,1,58-11514,10628,0,0,0,0,N/A
2025-11-13T17:06:02.333010,11490,31.977163,35.888386,0,1,58-11490,10627,0,0,0,0,N/A
2025-11-13T17:06:02.333010,46750,31.989273,35.89415,317.2,1,58-46750,10623,0,0,0,0,N/A
2025-11-13T17:06:02.333010,11670,31.98806,35.895466,311.55,1,58-11670,10623,0,0,0,0,N/A
2025-11-13T17:06:02.333010,11502,31.98933,35.894047,318.41,1,58-11502,10623,0,0,0,0,N/A
2025-11-13T17:06:02.333010,47376,32.02478,35.855553,0,1,58-47376,10616,0,0,0,0,N/A
2025-11-13T17:06:02.333010,10978,31.957146,35.88077,301.39,1,58-10978,10631,0,0,0,0,N/A
2025-11-13T17:06:02.333010,56867,32.024815,35.85506,266.3,1,58-56867,10614,0,0,0,0,N/A
2025-11-13T17:06:02.333010,55857,32.0248,35.854942,263.89,1,58-55857,10614,0,0,0,0,N/A
2025-11-13T17:06:02.333010,11721,32.024776,35.854786,0,1,58-11721,10614,0,0,0,0,N/A
2025-11-13T17:06:02.333010,88302,32.021847,35.843857,214.1,1,58-88302,10613,0,0,0,0,N/A
2025-11-13T17:06:02.333010,11550,32.02189,35.84389,212.37,1,58-11550,10613,0,0,0,0,N/A
2025-11-13T17:06:02.333010,11532,31.992254,35.89032,0,1,58-11532,10622,0,0,0,0,N/A
2025-11-13T17:06:02.333010,80072,31.953703,35.888763,297.7,1,58-80072,10632,0,0,0,0,N/A
2025-11-13T17:06:02.333010,11718,32.02469,35.854,85.01,1,58-11718,10642,0,0,0,0,N/A
2025-11-13T17:06:51.115427,63779,32.020885,35.842976,353.74,0,58-63779,10613,0,0,0,0,N/A
2025-11-13T17:06:51.115427,93341,32.02084,35.84267,285.6,0,58-93341,10612,0,0,0,0,N/A
2025-11-13T17:06:51.115427,11499,32.02088,35.84275,293.51,0,58-11499,10612,0,0,0,0,N/A
2025-11-13T17:06:51.115427,11688,32.015224,35.868073,0,0,58-11688,10617,0,0,0,0,N/A
2025-11-13T17:06:51.115427,56302,32.024742,35.85463,86,0,58-56302,11675,0,0,0,0,N/A
2025-11-13T17:06:51.115427,11442,32.015507,35.867878,137.9,0,58-11442,10617,0,0,0,0,N/A
2025-11-13T17:06:51.115427,10984,32.010082,35.87112,164.03,0,58-10984,10618,0,0,0,0,N/A
2025-11-13T17:06:51.115427,11526,32.01168,35.870502,157.97,0,58-11526,10617,0,0,0,0,N/A
2025-11-13T17:06:51.115427,11535,32.011112,35.870766,0,0,58-11535,10618,0,0,0,0,N/A
2025-11-13T17:06:51.115427,11682,31.99194,35.891113,127.58,0,58-11682,10622,0,0,0,0,N/A
2025-11-13T17:06:51.115427,11415,31.980806,35.89187,0,0,58-11415,10626,0,0,0,0,N/A
2025-11-13T17:06:51.115427,11364,31.94595,35.92821,113.58,0,58-11364,10635,0,0,0,0,N/A
2025-11-13T17:06:51.115427,66163,31.95847,35.879192,210,0,58-66163,10630,0,0,0,0,N/A
2025-11-13T17:06:51.115427,59197,31.946157,35.92759,102.2,0,58-59197,10635,0,0,0,0,N/A
2025-11-13T17:06:51.115427,84113,31.946093,35.92779,102.7,0,58-84113,10636,0,0,0,0,N/A
2025-11-13T17:06:51.115427,78890,31.94539,35.928776,192.1,0,58-78890,10635,0,0,0,0,N/A
2025-11-13T17:06:51.115427,76678,31.946175,35.927483,101.1,0,58-76678,10635,0,0,0,0,N/A
2025-11-13T17:06:51.115427,11017,32.02086,35.842735,283.3,0,58-11017,10612,0,0,0,0,N/A
2025-11-13T17:06:51.115427,10996,32.02087,35.84261,290.35,0,58-10996,10612,0,0,0,0,N/A
2025-11-13T17:06:51.115427,11541,31.985893,35.89785,291.29,0,58-11541,10637,0,0,0,0,N/A
2025-11-13T17:06:51.115427,11649,31.999647,36.01603,0,0,58-11649,11675,0,0,0,0,N/A
2025-11-13T17:06:51.115427,11652,31.945433,35.928486,0,0,58-11652,10637,0,0,0,0,N/A
2025-11-13T17:06:51.115427,42113,31.94534,35.92851,38.29,1,58-42113,10643,0,0,0,0,N/A
2025-11-13T17:06:51.115427,94951,31.95418,35.88856,294.89,1,58-94951,10635,0,0,0,0,N/A
2025-11-13T17:06:51.115427,45556,31.94622,35.927628,282.2,1,58-45556,10643,0,0,0,0,N/A
2025-11-13T17:06:51.115427,75259,31.945618,35.907253,229.6,1,58-75259,10635,0,0,0,0,N/A
2025-11-13T17:06:51.115427,37113,31.95601,35.88285,303.39,1,58-37113,10631,0,0,0,0,N/A
2025-11-13T17:06:51.115427,11547,31.94498,35.929714,77.58,1,58-11547,10635,0,0,0,0,N/A
2025-11-13T17:06:51.115427,73439,31.958235,35.879158,5.9,1,58-73439,10630,0,0,0,0,N/A
2025-11-13T17:06:51.115427,11496,31.97675,35.888012,28.8,1,58-11496,10627,0,0,0,0,N/A
2025-11-13T17:06:51.115427,11514,31.977238,35.88843,0,1,58-11514,10628,0,0,0,0,N/A
2025-11-13T17:06:51.115427,11490,31.981049,35.892307,45.87,1,58-11490,10626,0,0,0,0,N/A
2025-11-13T17:06:51.115427,46750,31.989273,35.89415,317.2,1,58-46750,10623,0,0,0,0,N/A
2025-11-13T17:06:51.115427,11670,31.98884,35.89455,316.95,1,58-11670,10623,0,0,0,0,N/A
2025-11-13T17:06:51.115427,11502,31.992699,35.889984,0,1,58-11502,10622,0,0,0,0,N/A
2025-11-13T17:06:51.115427,47376,32.024776,35.854897,0,1,58-47376,10614,0,0,0,0,N/A
2025-11-13T17:06:51.115427,10978,31.957146,35.88077,301.39,1,58-10978,10631,0,0,0,0,N/A
2025-11-13T17:06:51.115427,56867,32.023663,35.85015,250.5,1,58-56867,10614,0,0,0,0,N/A
2025-11-13T17:06:51.115427,55857,32.023872,35.850834,250.9,1,58-55857,10614,0,0,0,0,N/A
2025-11-13T17:06:51.115427,11721,32.024364,35.852577,252.6,1,58-11721,10614,0,0,0,0,N/A
2025-11-13T17:06:51.115427,88302,32.021847,35.843857,214.1,1,58-88302,10613,0,0,0,0,N/A
2025-11-13T17:06:51.115427,11550,32.02189,35.84389,212.37,1,58-11550,10613,0,0,0,0,N/A
2025-11-13T17:06:51.115427,11532,31.992254,35.89032,0,1,58-11532,10622,0,0,0,0,N/A
2025-11-13T17:06:51.115427,80072,31.953794,35.88857,305.2,1,58-80072,10632,0,0,0,0,N/A
2025-11-13T17:06:51.115427,11718,32.0245,35.856667,106.02,1,58-11718,10642,0,0,0,0,N/A
2025-11-13T17:07:33.376992,88302,32.020824,35.842728,288.89,0,58-88302,10612,0,0,0,0,N/A
2025-11-13T17:07:33.376992,63779,32.020885,35.842976,353.74,0,58-63779,10613,0,0,0,0,N/A
2025-11-13T17:07:33.376992,93341,32.02084,35.84267,285.6,0,58-93341,10612,0,0,0,0,N/A
2025-11-13T17:07:33.376992,11499,32.02088,35.84275,293.51,0,58-11499,10612,0,0,0,0,N/A
2025-11-13T17:07:33.376992,11688,32.015224,35.868073,0,0,58-11688,10617,0,0,0,0,N/A
2025-11-13T17:07:33.376992,56302,32.024757,35.854893,87.5,0,58-56302,11675,0,0,0,0,N/A
2025-11-13T17:07:33.376992,11442,32.01284,35.869926,152.8,0,58-11442,10617,0,0,0,0,N/A
2025-11-13T17:07:33.376992,10984,32.006104,35.8727,154.63,0,58-10984,10618,0,0,0,0,N/A
2025-11-13T17:07:33.376992,11526,32.011314,35.87068,159.94,0,58-11526,10618,0,0,0,0,N/A
2025-11-13T17:07:33.376992,11535,32.007664,35.872,162.33,0,58-11535,10618,0,0,0,0,N/A
2025-11-13T17:07:33.376992,11682,31.988653,35.89474,138.24,0,58-11682,10623,0,0,0,0,N/A
2025-11-13T17:07:33.376992,11415,31.98031,35.89133,222.89,0,58-11415,10626,0,0,0,0,N/A
2025-11-13T17:07:33.376992,11364,31.94595,35.92821,113.58,0,58-11364,10635,0,0,0,0,N/A
2025-11-13T17:07:33.376992,66163,31.955362,35.884117,120.5,0,58-66163,10631,0,0,0,0,N/A
2025-11-13T17:07:33.376992,59197,31.946157,35.92759,102.2,0,58-59197,10635,0,0,0,0,N/A
2025-11-13T17:07:33.376992,84113,31.946093,35.92779,102.7,0,58-84113,10636,0,0,0,0,N/A
2025-11-13T17:07:33.376992,78890,31.94539,35.928776,192.1,0,58-78890,10635,0,0,0,0,N/A
2025-11-13T17:07:33.376992,76678,31.946175,35.927483,101.1,0,58-76678,10635,0,0,0,0,N/A
2025-11-13T17:07:33.376992,11017,32.02086,35.842735,283.3,0,58-11017,10612,0,0,0,0,N/A
2025-11-13T17:07:33.376992,10996,32.02087,35.84261,290.35,0,58-10996,10612,0,0,0,0,N/A
2025-11-13T17:07:33.376992,11541,31.984722,35.89627,226.24,0,58-11541,10637,0,0,0,0,N/A
2025-11-13T17:07:33.376992,11649,31.999647,36.01603,0,0,58-11649,11675,0,0,0,0,N/A
2025-11-13T17:07:33.376992,11652,31.945433,35.928486,0,0,58-11652,10637,0,0,0,0,N/A
2025-11-13T17:07:33.376992,42113,31.945337,35.92851,38.29,1,58-42113,10643,0,0,0,0,N/A
2025-11-13T17:07:33.376992,94951,31.954437,35.88777,290,1,58-94951,10635,0,0,0,0,N/A
2025-11-13T17:07:33.376992,45556,31.94638,35.926067,271.8,1,58-45556,10643,0,0,0,0,N/A
2025-11-13T17:07:33.376992,75259,31.945618,35.907253,229.6,1,58-75259,10635,0,0,0,0,N/A
2025-11-13T17:07:33.376992,37113,31.958647,35.879417,36,1,58-37113,10630,0,0,0,0,N/A
2025-11-13T17:07:33.376992,11547,31.945065,35.930603,80.7,1,58-11547,10635,0,0,0,0,N/A
2025-11-13T17:07:33.376992,73439,31.958708,35.879475,31.8,1,58-73439,10630,0,0,0,0,N/A
2025-11-13T17:07:33.376992,11496,31.976755,35.88802,28.8,1,58-11496,10627,0,0,0,0,N/A
2025-11-13T17:07:33.376992,11514,31.977238,35.88843,0,1,58-11514,10628,0,0,0,0,N/A
2025-11-13T17:07:33.376992,11490,31.981518,35.892815,43.29,1,58-11490,10626,0,0,0,0,N/A
2025-11-13T17:07:33.376992,46750,31.992369,35.89056,307.5,1,58-46750,10622,0,0,0,0,N/A
2025-11-13T17:07:33.376992,11670,31.991474,35.891747,314.45,1,58-11670,10623,0,0,0,0,N/A
2025-11-13T17:07:33.376992,11502,31.992702,35.88998,0,1,58-11502,10622,0,0,0,0,N/A
2025-11-13T17:07:33.376992,47376,32.024776,35.854897,0,1,58-47376,10614,0,0,0,0,N/A
2025-11-13T17:07:33.376992,10978,31.957146,35.88077,301.39,1,58-10978,10631,0,0,0,0,N/A
2025-11-13T17:07:33.376992,56867,32.023136,35.84836,244.5,1,58-56867,10613,0,0,0,0,N/A
2025-11-13T17:07:33.376992,55857,32.023132,35.84822,246.5,1,58-55857,10613,0,0,0,0,N/A
2025-11-13T17:07:33.376992,11721,32.02325,35.848644,251.74,1,58-11721,10613,0,0,0,0,N/A
2025-11-13T17:07:33.376992,11550,32.02189,35.84389,212.37,1,58-11550,10613,0,0,0,0,N/A
2025-11-13T17:07:33.376992,11532,31.992254,35.89032,0,1,58-11532,10622,0,0,0,0,N/A
2025-11-13T17:07:33.376992,80072,31.954327,35.88705,290.8,1,58-80072,10632,0,0,0,0,N/A
2025-11-13T17:07:33.376992,11718,32.02228,35.86058,134.19,1,58-11718,10642,0,0,0,0,N/A
2025-11-13T17:08:12.199556,88302,32.020824,35.842728,288.89,0,58-88302,10612,0,0,0,0,N/A
2025-11-13T17:08:12.199556,63779,32.020885,35.842976,353.74,0,58-63779,10613,0,0,0,0,N/A
2025-11-13T17:08:12.199556,93341,32.02084,35.84267,285.6,0,58-93341,10612,0,0,0,0,N/A
2025-11-13T17:08:12.199556,11499,32.02088,35.84275,293.51,0,58-11499,10612,0,0,0,0,N/A
2025-11-13T17:08:12.199556,11688,32.012947,35.86984,151.38,0,58-11688,10617,0,0,0,0,N/A
2025-11-13T17:08:12.199556,56302,32.024677,35.85604,104,0,58-56302,11675,0,0,0,0,N/A
2025-11-13T17:08:12.199556,11442,32.003853,35.874077,149.19,0,58-11442,10617,0,0,0,0,N/A
2025-11-13T17:08:12.199556,10984,32.005005,35.873363,0,0,58-10984,10619,0,0,0,0,N/A
2025-11-13T17:08:12.199556,11526,32.008152,35.871784,163.5,0,58-11526,10618,0,0,0,0,N/A
2025-11-13T17:08:12.199556,11535,32.00515,35.873287,0,0,58-11535,10619,0,0,0,0,N/A
2025-11-13T17:08:12.199556,11682,31.988268,35.895145,0,0,58-11682,10623,0,0,0,0,N/A
2025-11-13T17:08:12.199556,11415,31.979345,35.890366,221.34,0,58-11415,10626,0,0,0,0,N/A
2025-11-13T17:08:12.199556,11364,31.94595,35.92821,113.58,0,58-11364,10635,0,0,0,0,N/A
2025-11-13T17:08:12.199556,66163,31.955315,35.884235,119.8,0,58-66163,10631,0,0,0,0,N/A
2025-11-13T17:08:12.199556,59197,31.946157,35.92759,102.2,0,58-59197,10635,0,0,0,0,N/A
2025-11-13T17:08:12.199556,84113,31.946093,35.92779,102.7,0,58-84113,10636,0,0,0,0,N/A
2025-11-13T17:08:12.199556,78890,31.94539,35.928776,192.1,0,58-78890,10635,0,0,0,0,N/A
2025-11-13T17:08:12.199556,76678,31.946175,35.927483,101.1,0,58-76678,10635,0,0,0,0,N/A
2025-11-13T17:08:12.199556,11017,32.02086,35.842735,283.3,0,58-11017,10612,0,0,0,0,N/A
2025-11-13T17:08:12.199556,10996,32.02087,35.84261,290.35,0,58-10996,10612,0,0,0,0,N/A
2025-11-13T17:08:12.199556,11541,31.984077,35.89568,203.62,0,58-11541,10637,0,0,0,0,N/A
2025-11-13T17:08:12.199556,11649,31.999647,36.01603,0,0,58-11649,11675,0,0,0,0,N/A
2025-11-13T17:08:12.199556,11652,31.945433,35.928486,0,0,58-11652,10637,0,0,0,0,N/A
2025-11-13T17:08:12.199556,42113,31.945337,35.92851,38.29,1,58-42113,10643,0,0,0,0,N/A
2025-11-13T17:08:12.199556,94951,31.955376,35.885086,292.2,1,58-94951,10635,0,0,0,0,N/A
2025-11-13T17:08:12.199556,45556,31.945671,35.92092,285.5,1,58-45556,10643,0,0,0,0,N/A
2025-11-13T17:08:12.199556,75259,31.945618,35.907253,229.6,1,58-75259,10635,0,0,0,0,N/A
2025-11-13T17:08:12.199556,37113,31.958649,35.879414,35.79,1,58-37113,10630,0,0,0,0,N/A
2025-11-13T17:08:12.199556,11547,31.945122,35.930832,0,1,58-11547,10635,0,0,0,0,N/A
2025-11-13T17:08:12.199556,73439,31.958708,35.879475,31.8,1,58-73439,10630,0,0,0,0,N/A
2025-11-13T17:08:12.199556,11496,31.978125,35.889107,38.1,1,58-11496,10627,0,0,0,0,N/A
2025-11-13T17:08:12.199556,11514,31.977238,35.88843,0,1,58-11514,10628,0,0,0,0,N/A
2025-11-13T17:08:12.199556,11490,31.983852,35.895733,0,1,58-11490,10626,0,0,0,0,N/A
2025-11-13T17:08:12.199556,46750,31.992367,35.890556,307.5,1,58-46750,10622,0,0,0,0,N/A
2025-11-13T17:08:12.199556,11670,31.992195,35.890724,0,1,58-11670,10623,0,0,0,0,N/A
2025-11-13T17:08:12.199556,11502,31.995567,35.88546,307.08,1,58-11502,10621,0,0,0,0,N/A
2025-11-13T17:08:12.199556,47376,32.024727,35.854187,255.59,1,58-47376,10614,0,0,0,0,N/A
2025-11-13T17:08:12.199556,10978,31.957146,35.88077,301.39,1,58-10978,10631,0,0,0,0,N/A
2025-11-13T17:08:12.199556,56867,32.02256,35.846134,258.3,1,58-56867,10613,0,0,0,0,N/A
2025-11-13T17:08:12.199556,55857,32.022736,35.84683,252.4,1,58-55857,10613,0,0,0,0,N/A
2025-11-13T17:08:12.199556,11721,32.02216,35.84443,257.64,1,58-11721,10613,0,0,0,0,N/A
2025-11-13T17:08:12.199556,11550,32.02189,35.84389,212.37,1,58-11550,10613,0,0,0,0,N/A
2025-11-13T17:08:12.199556,11532,31.992254,35.89032,0,1,58-11532,10622,0,0,0,0,N/A
2025-11-13T17:08:12.199556,80072,31.95529,35.88452,300.5,1,58-80072,10631,0,0,0,0,N/A
2025-11-13T17:08:12.199556,11718,32.0209,35.862278,134.8,1,58-11718,10642,0,0,0,0,N/A
2025-11-13T17:08:59.913650,88302,32.020824,35.842728,288.89,0,58-88302,10612,0,0,0,0,N/A
2025-11-13T17:08:59.913650,63779,32.020885,35.842976,353.74,0,58-63779,10613,0,0,0,0,N/A
2025-11-13T17:08:59.913650,93341,32.02084,35.84267,285.6,0,58-93341,10612,0,0,0,0,N/A
2025-11-13T17:08:59.913650,11499,32.021435,35.843193,42.95,0,58-11499,10612,0,0,0,0,N/A
2025-11-13T17:08:59.913650,11688,32.011253,35.870697,0,0,58-11688,10618,0,0,0,0,N/A
2025-11-13T17:08:59.913650,56302,32.021297,35.861855,134.69,0,58-56302,11675,0,0,0,0,N/A
2025-11-13T17:08:59.913650,11442,32.00005,35.878353,127.2,0,58-11442,10617,0,0,0,0,N/A
2025-11-13T17:08:59.913650,10984,32.005005,35.873363,0,0,58-10984,10619,0,0,0,0,N/A
2025-11-13T17:08:59.913650,11526,32.005608,35.872993,0,0,58-11526,10618,0,0,0,0,N/A
2025-11-13T17:08:59.913650,11535,32.00515,35.873287,0,0,58-11535,10619,0,0,0,0,N/A
2025-11-13T17:08:59.913650,11682,31.986036,35.89724,0,0,58-11682,10623,0,0,0,0,N/A
2025-11-13T17:08:59.913650,11415,31.976501,35.887814,0,0,58-11415,10627,0,0,0,0,N/A
2025-11-13T17:08:59.913650,11364,31.94595,35.92821,113.58,0,58-11364,10635,0,0,0,0,N/A
2025-11-13T17:08:59.913650,66163,31.953758,35.888546,116.4,0,58-66163,10632,0,0,0,0,N/A
2025-11-13T17:08:59.913650,59197,31.946157,35.92759,102.2,0,58-59197,10635,0,0,0,0,N/A
2025-11-13T17:08:59.913650,84113,31.946093,35.92779,102.7,0,58-84113,10636,0,0,0,0,N/A
2025-11-13T17:08:59.913650,78890,31.94539,35.928776,192.1,0,58-78890,10635,0,0,0,0,N/A
2025-11-13T17:08:59.913650,76678,31.946175,35.927483,101.1,0,58-76678,10635,0,0,0,0,N/A
2025-11-13T17:08:59.913650,11017,32.02086,35.842735,283.3,0,58-11017,10612,0,0,0,0,N/A
2025-11-13T17:08:59.913650,10996,32.02087,35.84261,290.35,0,58-10996,10612,0,0,0,0,N/A
2025-11-13T17:08:59.913650,11541,31.983345,35.89489,225.72,0,58-11541,10637,0,0,0,0,N/A
2025-11-13T17:08:59.913650,11649,31.999647,36.01603,0,0,58-11649,11675,0,0,0,0,N/A
2025-11-13T17:08:59.913650,11652,31.945433,35.928486,0,0,58-11652,10637,0,0,0,0,N/A
2025-11-13T17:08:59.913650,42113,31.945337,35.92851,38.29,1,58-42113,10643,0,0,0,0,N/A
2025-11-13T17:08:59.913650,94951,31.955774,35.884003,296,1,58-94951,10635,0,0,0,0,N/A
2025-11-13T17:08:59.913650,45556,31.947075,35.91725,307.3,1,58-45556,10643,0,0,0,0,N/A
2025-11-13T17:08:59.913650,75259,31.945692,35.906574,305.89,1,58-75259,10634,0,0,0,0,N/A
2025-11-13T17:08:59.913650,37113,31.958649,35.879414,35.79,1,58-37113,10630,0,0,0,0,N/A
2025-11-13T17:08:59.913650,11547,31.945307,35.931267,0,1,58-11547,10635,0,0,0,0,N/A
2025-11-13T17:08:59.913650,73439,31.958708,35.87947,31.8,1,58-73439,10630,0,0,0,0,N/A
2025-11-13T17:08:59.913650,11496,31.980839,35.891956,31.3,1,58-11496,10626,0,0,0,0,N/A
2025-11-13T17:08:59.913650,11514,31.980913,35.892162,0,1,58-11514,10626,0,0,0,0,N/A
2025-11-13T17:08:59.913650,11490,31.98461,35.896713,45.3,1,58-11490,10626,0,0,0,0,N/A
2025-11-13T17:08:59.913650,46750,31.992737,35.889946,305.1,1,58-46750,10622,0,0,0,0,N/A
2025-11-13T17:08:59.913650,11670,31.992537,35.890236,306.55,1,58-11670,10622,0,0,0,0,N/A
2025-11-13T17:08:59.913650,11502,31.997156,35.88295,306.79,1,58-11502,10621,0,0,0,0,N/A
2025-11-13T17:08:59.913650,47376,32.024094,35.851707,251.9,1,58-47376,10614,0,0,0,0,N/A
2025-11-13T17:08:59.913650,10978,31.957146,35.88077,301.39,1,58-10978,10631,0,0,0,0,N/A
2025-11-13T17:08:59.913650,56867,32.021435,35.84379,182.3,1,58-56867,10613,0,0,0,0,N/A
2025-11-13T17:08:59.913650,55857,32.022114,35.844387,255.5,1,58-55857,10613,0,0,0,0,N/A
2025-11-13T17:08:59.913650,11721,32.020836,35.84374,204.59,1,58-11721,10642,0,0,0,0,N/A
2025-11-13T17:08:59.913650,11550,32.02189,35.84389,212.37,1,58-11550,10613,0,0,0,0,N/A
2025-11-13T17:08:59.913650,11532,31.992254,35.89032,0,1,58-11532,10622,0,0,0,0,N/A
2025-11-13T17:08:59.913650,80072,31.95657,35.881996,302.8,1,58-80072,10631,0,0,0,0,N/A
2025-11-13T17:08:59.913650,11718,32.01834,35.86521,0,1,58-11718,10642,0,0,0,0,N/A
2025-11-13T17:09:36.987670,55857,32.020817,35.842773,285.8,0,58-55857,10612,0,0,0,0,N/A
2025-11-13T17:09:36.987670,11721,32.020847,35.842743,291.57,0,58-11721,10612,0,0,0,0,N/A
2025-11-13T17:09:36.987670,88302,32.020824,35.842728,288.89,0,58-88302,10612,0,0,0,0,N/A
2025-11-13T17:09:36.987670,63779,32.020885,35.842976,353.74,0,58-63779,10613,0,0,0,0,N/A
2025-11-13T17:09:36.987670,93341,32.02084,35.84267,285.6,0,58-93341,10612,0,0,0,0,N/A
2025-11-13T17:09:36.987670,11499,32.022743,35.84708,72.25,0,58-11499,10612,0,0,0,0,N/A
2025-11-13T17:09:36.987670,11688,32.009594,35.871254,163.06,0,58-11688,10618,0,0,0,0,N/A
2025-11-13T17:09:36.987670,56302,32.018883,35.86466,133.5,0,58-56302,11675,0,0,0,0,N/A
2025-11-13T17:09:36.987670,11442,31.997803,35.881878,127.7,0,58-11442,10617,0,0,0,0,N/A
2025-11-13T17:09:36.987670,10984,32.00318,35.87465,142.08,0,58-10984,10619,0,0,0,0,N/A
2025-11-13T17:09:36.987670,11526,32.00537,35.873127,150.91,0,58-11526,10619,0,0,0,0,N/A
2025-11-13T17:09:36.987670,11535,32.001835,35.87602,135.54,0,58-11535,10619,0,0,0,0,N/A
2025-11-13T17:09:36.987670,11682,31.985655,35.897552,150.85,0,58-11682,10623,0,0,0,0,N/A
2025-11-13T17:09:36.987670,11415,31.976501,35.887814,0,0,58-11415,10627,0,0,0,0,N/A
2025-11-13T17:09:36.987670,11364,31.94595,35.92821,113.58,0,58-11364,10635,0,0,0,0,N/A
2025-11-13T17:09:36.987670,66163,31.953669,35.888714,116.4,0,58-66163,10632,0,0,0,0,N/A
2025-11-13T17:09:36.987670,59197,31.946157,35.92759,102.2,0,58-59197,10635,0,0,0,0,N/A
2025-11-13T17:09:36.987670,84113,31.946093,35.92779,102.7,0,58-84113,10636,0,0,0,0,N/A
2025-11-13T17:09:36.987670,76678,31.946175,35.927483,101.1,0,58-76678,10635,0,0,0,0,N/A
2025-11-13T17:09:36.987670,11017,32.02086,35.842735,283.3,0,58-11017,10612,0,0,0,0,N/A
2025-11-13T17:09:36.987670,10996,32.02087,35.84261,290.35,0,58-10996,10612,0,0,0,0,N/A
2025-11-13T17:09:36.987670,11541,31.981358,35.89245,220.96,0,58-11541,10637,0,0,0,0,N/A
2025-11-13T17:09:36.987670,11649,31.999647,36.01603,0,0,58-11649,11675,0,0,0,0,N/A
2025-11-13T17:09:36.987670,11652,31.945696,35.928658,8.64,0,58-11652,10637,0,0,0,0,N/A
2025-11-13T17:09:36.987670,78890,31.945326,35.928535,19.1,1,58-78890,10643,0,0,0,0,N/A
2025-11-13T17:09:36.987670,42113,31.94534,35.92851,38.29,1,58-42113,10643,0,0,0,0,N/A
2025-11-13T17:09:36.987670,94951,31.956186,35.883194,304.1,1,58-94951,10635,0,0,0,0,N/A
2025-11-13T17:09:36.987670,45556,31.948294,35.91443,279.39,1,58-45556,10635,0,0,0,0,N/A
2025-11-13T17:09:36.987670,75259,31.947893,35.903873,324.89,1,58-75259,10634,0,0,0,0,N/A
2025-11-13T17:09:36.987670,37113,31.958797,35.879528,30.4,1,58-37113,10630,0,0,0,0,N/A
2025-11-13T17:09:36.987670,11547,31.945574,35.93162,0,1,58-11547,10635,0,0,0,0,N/A
2025-11-13T17:09:36.987670,73439,31.95947,35.88003,33.7,1,58-73439,10630,0,0,0,0,N/A
2025-11-13T17:09:36.987670,11496,31.98144,35.892754,45.8,1,58-11496,10626,0,0,0,0,N/A
2025-11-13T17:09:36.987670,11514,31.98203,35.89349,44.86,1,58-11514,10626,0,0,0,0,N/A
2025-11-13T17:09:36.987670,11490,31.985233,35.898094,0,1,58-11490,10625,0,0,0,0,N/A
2025-11-13T17:09:36.987670,46750,31.992733,35.889946,305.1,1,58-46750,10622,0,0,0,0,N/A
2025-11-13T17:09:36.987670,11670,31.992636,35.890087,0,1,58-11670,10622,0,0,0,0,N/A
2025-11-13T17:09:36.987670,11502,31.998543,35.880783,0,1,58-11502,10620,0,0,0,0,N/A
2025-11-13T17:09:36.987670,47376,32.023136,35.848305,252.33,1,58-47376,10613,0,0,0,0,N/A
2025-11-13T17:09:36.987670,10978,31.957146,35.88077,301.39,1,58-10978,10631,0,0,0,0,N/A
2025-11-13T17:09:36.987670,56867,32.021435,35.84379,182.3,1,58-56867,10613,0,0,0,0,N/A
2025-11-13T17:09:36.987670,11550,32.02189,35.84389,212.37,1,58-11550,10613,0,0,0,0,N/A
2025-11-13T17:09:36.987670,11532,31.992254,35.89032,0,1,58-11532,10622,0,0,0,0,N/A
2025-11-13T17:09:36.987670,80072,31.958298,35.87916,19.89,1,58-80072,10630,0,0,0,0,N/A
2025-11-13T17:09:36.987670,11718,32.01829,35.86527,138.75,1,58-11718,10642,0,0,0,0,N/A
2025-11-13T17:10:15.757388,56867,32.020824,35.842712,287.89,0,58-56867,10612,0,0,0,0,N/A
2025-11-13T17:10:15.757388,55857,32.02084,35.842693,295.8,0,58-55857,10612,0,0,0,0,N/A
2025-11-13T17:10:15.757388,11721,32.020847,35.842743,291.57,0,58-11721,10612,0,0,0,0,N/A
2025-11-13T17:10:15.757388,88302,32.020824,35.842728,288.89,0,58-88302,10612,0,0,0,0,N/A
2025-11-13T17:10:15.757388,63779,32.020885,35.842976,353.74,0,58-63779,10613,0,0,0,0,N/A
2025-11-13T17:10:15.757388,93341,32.02084,35.84267,285.6,0,58-93341,10612,0,0,0,0,N/A
2025-11-13T17:10:15.757388,11499,32.02309,35.84827,0,0,58-11499,10613,0,0,0,0,N/A
2025-11-13T17:10:15.757388,11688,32.0054,35.87312,0,0,58-11688,10619,0,0,0,0,N/A
2025-11-13T17:10:15.757388,56302,32.018852,35.864716,136.69,0,58-56302,11675,0,0,0,0,N/A
2025-11-13T17:10:15.757388,11442,31.992846,35.889713,125.2,0,58-11442,10617,0,0,0,0,N/A
2025-11-13T17:10:15.757388,10984,32.00009,35.87827,126.69,0,58-10984,10619,0,0,0,0,N/A
2025-11-13T17:10:15.757388,11526,32.005123,35.873283,0,0,58-11526,10619,0,0,0,0,N/A
2025-11-13T17:10:15.757388,11535,31.999142,35.879757,127.24,0,58-11535,10619,0,0,0,0,N/A
2025-11-13T17:10:15.757388,11682,31.985424,35.8978,0,0,58-11682,10625,0,0,0,0,N/A
2025-11-13T17:10:15.757388,11415,31.974598,35.886826,200.61,0,58-11415,10627,0,0,0,0,N/A
2025-11-13T17:10:15.757388,11364,31.94595,35.92821,113.58,0,58-11364,10635,0,0,0,0,N/A
2025-11-13T17:10:15.757388,66163,31.953379,35.88944,116.4,0,58-66163,10632,0,0,0,0,N/A
2025-11-13T17:10:15.757388,59197,31.946157,35.92759,102.2,0,58-59197,10635,0,0,0,0,N/A
2025-11-13T17:10:15.757388,84113,31.946093,35.92779,102.7,0,58-84113,10636,0,0,0,0,N/A
2025-11-13T17:10:15.757388,76678,31.946175,35.927483,101.1,0,58-76678,10635,0,0,0,0,N/A
2025-11-13T17:10:15.757388,11017,32.02086,35.842735,283.3,0,58-11017,10612,0,0,0,0,N/A
2025-11-13T17:10:15.757388,10996,32.02087,35.84261,290.35,0,58-10996,10612,0,0,0,0,N/A
2025-11-13T17:10:15.757388,11541,31.980976,35.892044,0,0,58-11541,10637,0,0,0,0,N/A
2025-11-13T17:10:15.757388,11649,31.999647,36.01603,0,0,58-11649,11675,0,0,0,0,N/A
2025-11-13T17:10:15.757388,11652,31.946339,35.926586,279.27,0,58-11652,10637,0,0,0,0,N/A
2025-11-13T17:10:15.757388,78890,31.945501,35.928658,34.9,1,58-78890,10643,0,0,0,0,N/A
2025-11-13T17:10:15.757388,42113,31.94541,35.92858,41.2,1,58-42113,10643,0,0,0,0,N/A
2025-11-13T17:10:15.757388,94951,31.957144,35.881474,301.89,1,58-94951,10635,0,0,0,0,N/A
2025-11-13T17:10:15.757388,45556,31.948221,35.913902,258,1,58-45556,10635,0,0,0,0,N/A
2025-11-13T17:10:15.757388,75259,31.951363,35.89981,296.3,1,58-75259,10634,0,0,0,0,N/A
2025-11-13T17:10:15.757388,37113,31.96264,35.88249,29.2,1,58-37113,10630,0,0,0,0,N/A
2025-11-13T17:10:15.757388,11547,31.946058,35.93217,0,1,58-11547,10635,0,0,0,0,N/A
2025-11-13T17:10:15.757388,73439,31.962206,35.882156,32.5,1,58-73439,10630,0,0,0,0,N/A
2025-11-13T17:10:15.757388,11496,31.984097,35.896168,47.1,1,58-11496,10626,0,0,0,0,N/A
2025-11-13T17:10:15.757388,11514,31.983524,35.895317,0,1,58-11514,10626,0,0,0,0,N/A
2025-11-13T17:10:15.757388,11490,31.985308,35.898323,0,1,58-11490,10625,0,0,0,0,N/A
2025-11-13T17:10:15.757388,46750,31.993399,35.8889,307.3,1,58-46750,10622,0,0,0,0,N/A
2025-11-13T17:10:15.757388,11670,31.99456,35.887016,306.95,1,58-11670,10622,0,0,0,0,N/A
2025-11-13T17:10:15.757388,11502,31.99877,35.880478,306.42,1,58-11502,10620,0,0,0,0,N/A
2025-11-13T17:10:15.757388,47376,32.022415,35.84548,252.59,1,58-47376,10613,0,0,0,0,N/A
2025-11-13T17:10:15.757388,10978,31.957146,35.88077,301.39,1,58-10978,10631,0,0,0,0,N/A
2025-11-13T17:10:15.757388,11550,32.02189,35.84389,212.37,1,58-11550,10613,0,0,0,0,N/A
2025-11-13T17:10:15.757388,11532,31.992254,35.89032,0,1,58-11532,10622,0,0,0,0,N/A
2025-11-13T17:10:15.757388,80072,31.958736,35.879475,28.9,1,58-80072,10630,0,0,0,0,N/A
2025-11-13T17:10:15.757388,11718,32.015545,35.86781,140.81,1,58-11718,10642,0,0,0,0,N/A
2025-11-13T17:11:01.767792,56867,32.020824,35.842712,287.89,0,58-56867,10612,0,0,0,0,N/A
2025-11-13T17:11:01.767792,55857,32.02084,35.842693,295.8,0,58-55857,10612,0,0,0,0,N/A
2025-11-13T17:11:01.767792,11721,32.020847,35.842743,291.57,0,58-11721,10612,0,0,0,0,N/A
2025-11-13T17:11:01.767792,88302,32.020824,35.842728,288.89,0,58-88302,10612,0,0,0,0,N/A
2025-11-13T17:11:01.767792,63779,32.020885,35.842976,353.74,0,58-63779,10613,0,0,0,0,N/A
2025-11-13T17:11:01.767792,93341,32.02084,35.84267,285.6,0,58-93341,10612,0,0,0,0,N/A
2025-11-13T17:11:01.767792,11499,32.02403,35.85157,72.22,0,58-11499,10613,0,0,0,0,N/A
2025-11-13T17:11:01.767792,11688,32.0054,35.87312,0,0,58-11688,10619,0,0,0,0,N/A
2025-11-13T17:11:01.767792,56302,32.018158,35.865463,139,0,58-56302,11671,0,0,0,0,N/A
2025-11-13T17:11:01.767792,11442,31.992836,35.889767,126,0,58-11442,10617,0,0,0,0,N/A
2025-11-13T17:11:01.767792,10984,31.998325,35.88104,0,0,58-10984,10620,0,0,0,0,N/A
2025-11-13T17:11:01.767792,11526,32.005123,35.873283,0,0,58-11526,10619,0,0,0,0,N/A
2025-11-13T17:11:01.767792,11535,31.998465,35.880802,0,0,58-11535,10620,0,0,0,0,N/A
2025-11-13T17:11:01.767792,11682,31.98556,35.898396,343.99,0,58-11682,10625,0,0,0,0,N/A
2025-11-13T17:11:01.767792,11415,31.96948,35.886337,0,0,58-11415,10627,0,0,0,0,N/A
2025-11-13T17:11:01.767792,11364,31.94595,35.92821,113.58,0,58-11364,10635,0,0,0,0,N/A
2025-11-13T17:11:01.767792,66163,31.951542,35.899193,109.2,0,58-66163,10632,0,0,0,0,N/A
2025-11-13T17:11:01.767792,59197,31.946157,35.92759,102.2,0,58-59197,10635,0,0,0,0,N/A
2025-11-13T17:11:01.767792,84113,31.946093,35.92779,102.7,0,58-84113,10636,0,0,0,0,N/A
2025-11-13T17:11:01.767792,76678,31.946175,35.927483,101.1,0,58-76678,10635,0,0,0,0,N/A
2025-11-13T17:11:01.767792,11017,32.02086,35.842735,283.3,0,58-11017,10612,0,0,0,0,N/A
2025-11-13T17:11:01.767792,10996,32.02087,35.84261,290.35,0,58-10996,10612,0,0,0,0,N/A
2025-11-13T17:11:01.767792,11541,31.97804,35.88894,219.32,0,58-11541,10637,0,0,0,0,N/A
2025-11-13T17:11:01.767792,11649,31.999647,36.01603,0,0,58-11649,11675,0,0,0,0,N/A
2025-11-13T17:11:01.767792,11652,31.945795,35.922825,247.69,0,58-11652,10637,0,0,0,0,N/A
2025-11-13T17:11:01.767792,78890,31.945503,35.928654,34.9,1,58-78890,10643,0,0,0,0,N/A
2025-11-13T17:11:01.767792,42113,31.945395,35.928574,41.2,1,58-42113,10643,0,0,0,0,N/A
2025-11-13T17:11:01.767792,94951,31.958284,35.8793,304.39,1,58-94951,10630,0,0,0,0,N/A
2025-11-13T17:11:01.767792,45556,31.946829,35.909885,244.2,1,58-45556,10635,0,0,0,0,N/A
2025-11-13T17:11:01.767792,75259,31.951801,35.893513,281.5,1,58-75259,10633,0,0,0,0,N/A
2025-11-13T17:11:01.767792,37113,31.963999,35.88357,35.2,1,58-37113,10630,0,0,0,0,N/A
2025-11-13T17:11:01.767792,11547,31.94637,35.932503,0,1,58-11547,10635,0,0,0,0,N/A
2025-11-13T17:11:01.767792,73439,31.96427,35.88382,36.1,1,58-73439,10629,0,0,0,0,N/A
2025-11-13T17:11:01.767792,11496,31.985203,35.897644,69.09,1,58-11496,10626,0,0,0,0,N/A
2025-11-13T17:11:01.767792,11514,31.984995,35.897297,51.24,1,58-11514,10626,0,0,0,0,N/A
2025-11-13T17:11:01.767792,11490,31.985815,35.898144,0,1,58-11490,10625,0,0,0,0,N/A
2025-11-13T17:11:01.767792,46750,31.996212,35.88443,306.6,1,58-46750,10621,0,0,0,0,N/A
2025-11-13T17:11:01.767792,11670,31.995728,35.88519,0,1,58-11670,10621,0,0,0,0,N/A
2025-11-13T17:11:01.767792,11502,32.004993,35.873497,332.72,1,58-11502,10619,0,0,0,0,N/A
2025-11-13T17:11:01.767792,47376,32.021812,35.843872,0,1,58-47376,10613,0,0,0,0,N/A
2025-11-13T17:11:01.767792,10978,31.957146,35.88077,301.39,1,58-10978,10631,0,0,0,0,N/A
2025-11-13T17:11:01.767792,11550,32.02189,35.84389,212.37,1,58-11550,10613,0,0,0,0,N/A
2025-11-13T17:11:01.767792,11532,31.992254,35.89032,0,1,58-11532,10622,0,0,0,0,N/A
2025-11-13T17:11:01.767792,80072,31.961847,35.881916,32.2,1,58-80072,10630,0,0,0,0,N/A
2025-11-13T17:11:01.767792,11718,32.013474,35.86952,150.38,1,58-11718,10642,0,0,0,0,N/A
2025-11-13T17:11:49.744308,56867,32.020824,35.842712,287.89,0,58-56867,10612,0,0,0,0,N/A
2025-11-13T17:11:49.744308,55857,32.02084,35.842693,295.8,0,58-55857,10612,0,0,0,0,N/A
2025-11-13T17:11:49.744308,11721,32.020847,35.842743,291.57,0,58-11721,10612,0,0,0,0,N/A
2025-11-13T17:11:49.744308,88302,32.020824,35.842728,288.89,0,58-88302,10612,0,0,0,0,N/A
2025-11-13T17:11:49.744308,63779,32.020885,35.842976,353.74,0,58-63779,10613,0,0,0,0,N/A
2025-11-13T17:11:49.744308,93341,32.02084,35.84267,285.6,0,58-93341,10612,0,0,0,0,N/A
2025-11-13T17:11:49.744308,11499,32.024677,35.853985,78.31,0,58-11499,10613,0,0,0,0,N/A
2025-11-13T17:11:49.744308,11688,32.005383,35.87313,151.97,0,58-11688,10619,0,0,0,0,N/A
2025-11-13T17:11:49.744308,56302,32.015663,35.867702,141.3,0,58-56302,11671,0,0,0,0,N/A
2025-11-13T17:11:49.744308,11442,31.99247,35.89031,128.3,0,58-11442,10622,0,0,0,0,N/A
2025-11-13T17:11:49.744308,10984,31.998325,35.88104,0,0,58-10984,10620,0,0,0,0,N/A
2025-11-13T17:11:49.744308,11526,32.005123,35.873283,0,0,58-11526,10619,0,0,0,0,N/A
2025-11-13T17:11:49.744308,11535,31.995903,35.884815,126.04,0,58-11535,10621,0,0,0,0,N/A
2025-11-13T17:11:49.744308,11682,31.98582,35.897747,0,0,58-11682,10625,0,0,0,0,N/A
2025-11-13T17:11:49.744308,11415,31.969233,35.886402,168.08,0,58-11415,10627,0,0,0,0,N/A
2025-11-13T17:11:49.744308,11364,31.94595,35.92821,113.58,0,58-11364,10635,0,0,0,0,N/A
2025-11-13T17:11:49.744308,66163,31.947823,35.90387,145.4,0,58-66163,10632,0,0,0,0,N/A
2025-11-13T17:11:49.744308,59197,31.946157,35.92759,102.2,0,58-59197,10635,0,0,0,0,N/A
2025-11-13T17:11:49.744308,84113,31.946093,35.92779,102.7,0,58-84113,10636,0,0,0,0,N/A
2025-11-13T17:11:49.744308,76678,31.946175,35.927483,101.1,0,58-76678,10635,0,0,0,0,N/A
2025-11-13T17:11:49.744308,10996,32.02087,35.84261,290.35,0,58-10996,10612,0,0,0,0,N/A
2025-11-13T17:11:49.744308,11541,31.975988,35.88752,203.86,0,58-11541,10637,0,0,0,0,N/A
2025-11-13T17:11:49.744308,11649,31.999647,36.01603,0,0,58-11649,11675,0,0,0,0,N/A
2025-11-13T17:11:49.744308,11652,31.946573,35.91807,305.39,0,58-11652,10637,0,0,0,0,N/A
2025-11-13T17:11:49.744308,11017,31.945719,35.906384,127.69,1,58-11017,10634,0,0,0,0,N/A
2025-11-13T17:11:49.744308,78890,31.945505,35.928654,34.9,1,58-78890,10643,0,0,0,0,N/A
2025-11-13T17:11:49.744308,42113,31.945395,35.928574,41.2,1,58-42113,10643,0,0,0,0,N/A
2025-11-13T17:11:49.744308,94951,31.959124,35.87936,29.1,1,58-94951,10630,0,0,0,0,N/A
2025-11-13T17:11:49.744308,45556,31.945616,35.90726,225.8,1,58-45556,10635,0,0,0,0,N/A
2025-11-13T17:11:49.744308,75259,31.953657,35.888798,296.89,1,58-75259,10632,0,0,0,0,N/A
2025-11-13T17:11:49.744308,37113,31.964468,35.88399,37.4,1,58-37113,10629,0,0,0,0,N/A
2025-11-13T17:11:49.744308,11547,31.946514,35.932655,0,1,58-11547,10635,0,0,0,0,N/A
2025-11-13T17:11:49.744308,73439,31.96501,35.88452,44.5,1,58-73439,10629,0,0,0,0,N/A
2025-11-13T17:11:49.744308,11496,31.98561,35.89838,344.9,1,58-11496,10625,0,0,0,0,N/A
2025-11-13T17:11:49.744308,11514,31.985132,35.89759,0,1,58-11514,10626,0,0,0,0,N/A
2025-11-13T17:11:49.744308,11490,31.98611,35.897713,310.43,1,58-11490,10625,0,0,0,0,N/A
2025-11-13T17:11:49.744308,46750,31.998196,35.88138,306.5,1,58-46750,10620,0,0,0,0,N/A
2025-11-13T17:11:49.744308,11670,31.99812,35.881393,307.33,1,58-11670,10620,0,0,0,0,N/A
2025-11-13T17:11:49.744308,11502,32.005173,35.873383,0,1,58-11502,10619,0,0,0,0,N/A
2025-11-13T17:11:49.744308,47376,32.021812,35.843872,0,1,58-47376,10613,0,0,0,0,N/A
2025-11-13T17:11:49.744308,10978,31.957146,35.88077,301.39,1,58-10978,10631,0,0,0,0,N/A
2025-11-13T17:11:49.744308,11550,32.02189,35.84389,212.37,1,58-11550,10613,0,0,0,0,N/A
2025-11-13T17:11:49.744308,11532,31.992254,35.89032,0,1,58-11532,10622,0,0,0,0,N/A
2025-11-13T17:11:49.744308,80072,31.964014,35.88359,37.5,1,58-80072,10630,0,0,0,0,N/A
2025-11-13T17:11:49.744308,11718,32.010906,35.870853,159.61,1,58-11718,10642,0,0,0,0,N/A
2025-11-13T17:12:34.762954,47376,32.020878,35.842575,0,0,58-47376,10612,0,0,0,0,N/A
2025-11-13T17:12:34.762954,56867,32.020824,35.842712,287.89,0,58-56867,10612,0,0,0,0,N/A
2025-11-13T17:12:34.762954,55857,32.02084,35.842693,295.8,0,58-55857,10612,0,0,0,0,N/A
2025-11-13T17:12:34.762954,11721,32.020847,35.842743,291.57,0,58-11721,10612,0,0,0,0,N/A
2025-11-13T17:12:34.762954,88302,32.020824,35.842728,288.89,0,58-88302,10612,0,0,0,0,N/A
2025-11-13T17:12:34.762954,63779,32.020885,35.842976,353.74,0,58-63779,10613,0,0,0,0,N/A
2025-11-13T17:12:34.762954,93341,32.02084,35.84267,285.6,0,58-93341,10612,0,0,0,0,N/A
2025-11-13T17:12:34.762954,11499,32.02473,35.855003,88.35,0,58-11499,11675,0,0,0,0,N/A
2025-11-13T17:12:34.762954,11688,32.003025,35.874794,141.84,0,58-11688,10619,0,0,0,0,N/A
2025-11-13T17:12:34.762954,56302,32.01566,35.867702,141.3,0,58-56302,11671,0,0,0,0,N/A
2025-11-13T17:12:34.762954,11442,31.992458,35.890312,128.5,0,58-11442,10622,0,0,0,0,N/A
2025-11-13T17:12:34.762954,10984,31.992796,35.88975,0,0,58-10984,10620,0,0,0,0,N/A
2025-11-13T17:12:34.762954,11526,32.005123,35.873283,0,0,58-11526,10619,0,0,0,0,N/A
2025-11-13T17:12:34.762954,11535,31.994347,35.887253,126.61,0,58-11535,10621,0,0,0,0,N/A
2025-11-13T17:12:34.762954,11682,31.983519,35.895046,225.26,0,58-11682,10625,0,0,0,0,N/A
2025-11-13T17:12:34.762954,11415,31.967022,35.886967,0,0,58-11415,10640,0,0,0,0,N/A
2025-11-13T17:12:34.762954,11364,31.94595,35.92821,113.58,0,58-11364,10635,0,0,0,0,N/A
2025-11-13T17:12:34.762954,66163,31.945662,35.906506,126.6,0,58-66163,10632,0,0,0,0,N/A
2025-11-13T17:12:34.762954,59197,31.946157,35.92759,102.2,0,58-59197,10635,0,0,0,0,N/A
2025-11-13T17:12:34.762954,84113,31.946093,35.92779,102.7,0,58-84113,10636,0,0,0,0,N/A
2025-11-13T17:12:34.762954,76678,31.946175,35.927483,101.1,0,58-76678,10635,0,0,0,0,N/A
2025-11-13T17:12:34.762954,10996,32.02087,35.84261,290.35,0,58-10996,10612,0,0,0,0,N/A
2025-11-13T17:12:34.762954,11541,31.972181,35.886242,0,0,58-11541,10637,0,0,0,0,N/A
2025-11-13T17:12:34.762954,11649,31.999647,36.01603,0,0,58-11649,11675,0,0,0,0,N/A
2025-11-13T17:12:34.762954,11652,31.947842,35.915985,0,0,58-11652,10637,0,0,0,0,N/A
2025-11-13T17:12:34.762954,11017,31.94545,35.9068,0,1,58-11017,10634,0,0,0,0,N/A
2025-11-13T17:12:34.762954,78890,31.945507,35.928654,34.9,1,58-78890,10643,0,0,0,0,N/A
2025-11-13T17:12:34.762954,42113,31.94547,35.928635,30.5,1,58-42113,10643,0,0,0,0,N/A
2025-11-13T17:12:34.762954,94951,31.962824,35.88225,32.9,1,58-94951,10630,0,0,0,0,N/A
2025-11-13T17:12:34.762954,45556,31.945513,35.907097,251.3,1,58-45556,10634,0,0,0,0,N/A
2025-11-13T17:12:34.762954,75259,31.953772,35.888577,296.6,1,58-75259,10632,0,0,0,0,N/A
2025-11-13T17:12:34.762954,37113,31.964775,35.884285,40.9,1,58-37113,10629,0,0,0,0,N/A
2025-11-13T17:12:34.762954,11547,31.946766,35.933014,0,1,58-11547,10635,0,0,0,0,N/A
2025-11-13T17:12:34.762954,73439,31.965916,35.88544,43.6,1,58-73439,10629,0,0,0,0,N/A
2025-11-13T17:12:34.762954,11496,31.985905,35.898064,307.89,1,58-11496,10625,0,0,0,0,N/A
2025-11-13T17:12:34.762954,11514,31.985674,35.898273,310.35,1,58-11514,10625,0,0,0,0,N/A
2025-11-13T17:12:34.762954,11490,31.98816,35.895313,315.49,1,58-11490,10623,0,0,0,0,N/A
2025-11-13T17:12:34.762954,46750,32.00061,35.87759,310.39,1,58-46750,10620,0,0,0,0,N/A
2025-11-13T17:12:34.762954,11670,31.99839,35.880974,0,1,58-11670,10620,0,0,0,0,N/A
2025-11-13T17:12:34.762954,11502,32.011555,35.870686,337.8,1,58-11502,10619,0,0,0,0,N/A
2025-11-13T17:12:34.762954,10978,31.957146,35.88077,301.39,1,58-10978,10631,0,0,0,0,N/A
2025-11-13T17:12:34.762954,11550,32.02189,35.84389,212.37,1,58-11550,10613,0,0,0,0,N/A
2025-11-13T17:12:34.762954,11532,31.992254,35.89032,0,1,58-11532,10622,0,0,0,0,N/A
2025-11-13T17:12:34.762954,80072,31.964695,35.88421,40.7,1,58-80072,10629,0,0,0,0,N/A
2025-11-13T17:12:34.762954,11718,32.005554,35.87303,152.27,1,58-11718,10642,0,0,0,0,N/A
2025-11-13T17:13:17.645935,11550,32.02366,35.85006,70.23,0,58-11550,10612,0,0,0,0,N/A
2025-11-13T17:13:17.645935,47376,32.020878,35.842575,0,0,58-47376,10612,0,0,0,0,N/A
2025-11-13T17:13:17.645935,56867,32.020824,35.842712,287.89,0,58-56867,10612,0,0,0,0,N/A
2025-11-13T17:13:17.645935,55857,32.02084,35.842693,295.8,0,58-55857,10612,0,0,0,0,N/A
2025-11-13T17:13:17.645935,11721,32.020847,35.842743,291.57,0,58-11721,10612,0,0,0,0,N/A
2025-11-13T17:13:17.645935,88302,32.020824,35.842728,288.89,0,58-88302,10612,0,0,0,0,N/A
2025-11-13T17:13:17.645935,63779,32.020885,35.842976,353.74,0,58-63779,10613,0,0,0,0,N/A
2025-11-13T17:13:17.645935,93341,32.02084,35.84267,285.6,0,58-93341,10612,0,0,0,0,N/A
2025-11-13T17:13:17.645935,11499,32.02473,35.85502,0,0,58-11499,11675,0,0,0,0,N/A
2025-11-13T17:13:17.645935,11688,32.00005,35.87834,126.9,0,58-11688,10619,0,0,0,0,N/A
2025-11-13T17:13:17.645935,56302,32.015656,35.867702,141.3,0,58-56302,11671,0,0,0,0,N/A
2025-11-13T17:13:17.645935,11442,31.987747,35.895706,141.9,0,58-11442,10622,0,0,0,0,N/A
2025-11-13T17:13:17.645935,10984,31.992796,35.88975,0,0,58-10984,10620,0,0,0,0,N/A
2025-11-13T17:13:17.645935,11526,31.99959,35.87906,126.88,0,58-11526,10619,0,0,0,0,N/A
2025-11-13T17:13:17.645935,11535,31.992844,35.889626,0,0,58-11535,10621,0,0,0,0,N/A
2025-11-13T17:13:17.645935,11682,31.982084,35.893402,225.55,0,58-11682,10625,0,0,0,0,N/A
2025-11-13T17:13:17.645935,11415,31.967022,35.886967,0,0,58-11415,10640,0,0,0,0,N/A
2025-11-13T17:13:17.645935,11364,31.94595,35.92821,113.58,0,58-11364,10635,0,0,0,0,N/A
2025-11-13T17:13:17.645935,66163,31.945597,35.907303,45.4,0,58-66163,10632,0,0,0,0,N/A
2025-11-13T17:13:17.645935,59197,31.946157,35.92759,102.2,0,58-59197,10635,0,0,0,0,N/A
2025-11-13T17:13:17.645935,84113,31.946093,35.92779,102.7,0,58-84113,10636,0,0,0,0,N/A
2025-11-13T17:13:17.645935,10996,32.02087,35.84261,290.35,0,58-10996,10612,0,0,0,0,N/A
2025-11-13T17:13:17.645935,11541,31.97191,35.886215,182.16,0,58-11541,10637,0,0,0,0,N/A
2025-11-13T17:13:17.645935,11649,31.999647,36.01603,0,0,58-11649,11675,0,0,0,0,N/A
2025-11-13T17:13:17.645935,11652,31.948143,35.913677,255.67,0,58-11652,10637,0,0,0,0,N/A
2025-11-13T17:13:17.645935,76678,31.94537,35.928574,40.7,1,58-76678,10643,0,0,0,0,N/A
2025-11-13T17:13:17.645935,11017,31.946335,35.908794,64.19,1,58-11017,10634,0,0,0,0,N/A
2025-11-13T17:13:17.645935,78890,31.946255,35.92731,281.1,1,58-78890,10643,0,0,0,0,N/A
2025-11-13T17:13:17.645935,42113,31.94547,35.928654,30.5,1,58-42113,10643,0,0,0,0,N/A
2025-11-13T17:13:17.645935,94951,31.96513,35.884136,42.2,1,58-94951,10630,0,0,0,0,N/A
2025-11-13T17:13:17.645935,45556,31.945656,35.90666,307,1,58-45556,10634,0,0,0,0,N/A
2025-11-13T17:13:17.645935,75259,31.954016,35.88799,297.7,1,58-75259,10632,0,0,0,0,N/A
2025-11-13T17:13:17.645935,37113,31.966951,35.887005,1.4,1,58-37113,10629,0,0,0,0,N/A
2025-11-13T17:13:17.645935,11547,31.947115,35.93356,50.18,1,58-11547,10635,0,0,0,0,N/A
2025-11-13T17:13:17.645935,73439,31.967253,35.88698,347.7,1,58-73439,10629,0,0,0,0,N/A
2025-11-13T17:13:17.645935,11496,31.987757,35.89593,320.3,1,58-11496,10625,0,0,0,0,N/A
2025-11-13T17:13:17.645935,11514,31.985884,35.897976,304.19,1,58-11514,10625,0,0,0,0,N/A
2025-11-13T17:13:17.645935,11490,31.988539,35.89492,0,1,58-11490,10623,0,0,0,0,N/A
2025-11-13T17:13:17.645935,46750,32.004745,35.873615,333.5,1,58-46750,10619,0,0,0,0,N/A
2025-11-13T17:13:17.645935,11670,32.00402,35.874012,332.13,1,58-11670,10620,0,0,0,0,N/A
2025-11-13T17:13:17.645935,11502,32.014835,35.868546,321.95,1,58-11502,10619,0,0,0,0,N/A
2025-11-13T17:13:17.645935,10978,31.957146,35.88077,301.39,1,58-10978,10631,0,0,0,0,N/A
2025-11-13T17:13:17.645935,11532,31.992254,35.89032,0,1,58-11532,10622,0,0,0,0,N/A
2025-11-13T17:13:17.645935,80072,31.966314,35.88599,54.7,1,58-80072,10629,0,0,0,0,N/A
2025-11-13T17:13:17.645935,11718,32.0055,35.87306,0,1,58-11718,10642,0,0,0,0,N/A
2025-11-13T17:13:58.004008,11550,32.024754,35.85416,0,0,58-11550,10612,0,0,0,0,N/A
2025-11-13T17:13:58.004008,47376,32.020878,35.842575,0,0,58-47376,10612,0,0,0,0,N/A
2025-11-13T17:13:58.004008,56867,32.020824,35.842712,287.89,0,58-56867,10612,0,0,0,0,N/A
2025-11-13T17:13:58.004008,55857,32.02084,35.842693,295.8,0,58-55857,10612,0,0,0,0,N/A
2025-11-13T17:13:58.004008,11721,32.020847,35.842743,291.57,0,58-11721,10612,0,0,0,0,N/A
2025-11-13T17:13:58.004008,88302,32.020824,35.842728,288.89,0,58-88302,10612,0,0,0,0,N/A
2025-11-13T17:13:58.004008,63779,32.020885,35.842976,353.74,0,58-63779,10613,0,0,0,0,N/A
2025-11-13T17:13:58.004008,93341,32.02084,35.84267,285.6,0,58-93341,10612,0,0,0,0,N/A
2025-11-13T17:13:58.004008,11499,32.024384,35.857098,108.22,0,58-11499,11675,0,0,0,0,N/A
2025-11-13T17:13:58.004008,11688,31.998497,35.880795,0,0,58-11688,10620,0,0,0,0,N/A
2025-11-13T17:13:58.004008,56302,32.015266,35.86802,138.8,0,58-56302,10617,0,0,0,0,N/A
2025-11-13T17:13:58.004008,11442,31.985966,35.897346,135.4,0,58-11442,10622,0,0,0,0,N/A
2025-11-13T17:13:58.004008,10984,31.992489,35.89024,0,0,58-10984,10622,0,0,0,0,N/A
2025-11-13T17:13:58.004008,11526,31.998348,35.881027,0,0,58-11526,10620,0,0,0,0,N/A
2025-11-13T17:13:58.004008,11535,31.992731,35.889843,126.63,0,58-11535,10622,0,0,0,0,N/A
2025-11-13T17:13:58.004008,11682,31.980837,35.89194,0,0,58-11682,10626,0,0,0,0,N/A
2025-11-13T17:13:58.004008,11415,31.964817,35.884254,220.25,0,58-11415,10629,0,0,0,0,N/A
2025-11-13T17:13:58.004008,11364,31.94595,35.92821,113.58,0,58-11364,10635,0,0,0,0,N/A
2025-11-13T17:13:58.004008,66163,31.947388,35.911316,63.7,0,58-66163,10632,0,0,0,0,N/A
2025-11-13T17:13:58.004008,59197,31.946157,35.92759,102.2,0,58-59197,10635,0,0,0,0,N/A
2025-11-13T17:13:58.004008,84113,31.946093,35.92779,102.7,0,58-84113,10636,0,0,0,0,N/A
2025-11-13T17:13:58.004008,10996,32.02087,35.84261,290.35,0,58-10996,10612,0,0,0,0,N/A
2025-11-13T17:13:58.004008,11541,31.967224,35.88695,172.55,0,58-11541,10637,0,0,0,0,N/A
2025-11-13T17:13:58.004008,11649,31.999647,36.01603,0,0,58-11649,11675,0,0,0,0,N/A
2025-11-13T17:13:58.004008,11652,31.946083,35.908176,243.73,0,58-11652,10637,0,0,0,0,N/A
2025-11-13T17:13:58.004008,76678,31.945368,35.92858,40.7,1,58-76678,10643,0,0,0,0,N/A
2025-11-13T17:13:58.004008,11017,31.947994,35.913048,71.95,1,58-11017,10634,0,0,0,0,N/A
2025-11-13T17:13:58.004008,78890,31.945953,35.919533,285.2,1,58-78890,10636,0,0,0,0,N/A
2025-11-13T17:13:58.004008,42113,31.945477,35.92865,30.5,1,58-42113,10643,0,0,0,0,N/A
2025-11-13T17:13:58.004008,94951,31.967493,35.886944,351.7,1,58-94951,10630,0,0,0,0,N/A
2025-11-13T17:13:58.004008,45556,31.946388,35.905502,308.39,1,58-45556,10634,0,0,0,0,N/A
2025-11-13T17:13:58.004008,75259,31.955385,35.884094,304.89,1,58-75259,10631,0,0,0,0,N/A
2025-11-13T17:13:58.004008,37113,31.967216,35.88697,356.3,1,58-37113,10629,0,0,0,0,N/A
2025-11-13T17:13:58.004008,11547,31.94748,35.934143,0,1,58-11547,10635,0,0,0,0,N/A
2025-11-13T17:13:58.004008,73439,31.967327,35.88696,347.2,1,58-73439,10629,0,0,0,0,N/A
2025-11-13T17:13:58.004008,11496,31.9896,35.89382,318.2,1,58-11496,10625,0,0,0,0,N/A
2025-11-13T17:13:58.004008,11514,31.987719,35.895912,317.19,1,58-11514,10625,0,0,0,0,N/A
2025-11-13T17:13:58.004008,11490,31.99221,35.89075,307.99,1,58-11490,10623,0,0,0,0,N/A
2025-11-13T17:13:58.004008,46750,32.00512,35.87338,330.3,1,58-46750,10619,0,0,0,0,N/A
2025-11-13T17:13:58.004008,11670,32.00495,35.873455,0,1,58-11670,10619,0,0,0,0,N/A
2025-11-13T17:13:58.004008,11502,32.01531,35.868114,0,1,58-11502,10617,0,0,0,0,N/A
2025-11-13T17:13:58.004008,10978,31.957146,35.88077,301.39,1,58-10978,10631,0,0,0,0,N/A
2025-11-13T17:13:58.004008,11532,31.992254,35.89032,0,1,58-11532,10622,0,0,0,0,N/A
2025-11-13T17:13:58.004008,80072,31.967136,35.887,349.1,1,58-80072,10629,0,0,0,0,N/A
2025-11-13T17:13:58.004008,11718,32.005222,35.873215,0,1,58-11718,10642,0,0,0,0,N/A
2025-11-13T17:14:43.370798,11550,32.024788,35.854618,88.07,0,58-11550,11675,0,0,0,0,N/A
2025-11-13T17:14:43.370798,47376,32.020878,35.842575,0,0,58-47376,10612,0,0,0,0,N/A
2025-11-13T17:14:43.370798,56867,32.020824,35.842712,287.89,0,58-56867,10612,0,0,0,0,N/A
2025-11-13T17:14:43.370798,55857,32.02084,35.842693,295.8,0,58-55857,10612,0,0,0,0,N/A
2025-11-13T17:14:43.370798,11721,32.020847,35.842743,291.57,0,58-11721,10612,0,0,0,0,N/A
2025-11-13T17:14:43.370798,88302,32.020824,35.842728,288.89,0,58-88302,10612,0,0,0,0,N/A
2025-11-13T17:14:43.370798,63779,32.020885,35.842976,353.74,0,58-63779,10613,0,0,0,0,N/A
2025-11-13T17:14:43.370798,93341,32.022083,35.844498,71.8,0,58-93341,10612,0,0,0,0,N/A
2025-11-13T17:14:43.370798,11499,32.022167,35.860725,0,0,58-11499,10616,0,0,0,0,N/A
2025-11-13T17:14:43.370798,11688,31.998497,35.880795,0,0,58-11688,10620,0,0,0,0,N/A
2025-11-13T17:14:43.370798,56302,32.015263,35.86802,138.8,0,58-56302,10617,0,0,0,0,N/A
2025-11-13T17:14:43.370798,11442,31.985853,35.897472,141.5,0,58-11442,10622,0,0,0,0,N/A
2025-11-13T17:14:43.370798,10984,31.992489,35.89024,0,0,58-10984,10622,0,0,0,0,N/A
2025-11-13T17:14:43.370798,11526,31.99704,35.883076,125.99,0,58-11526,10620,0,0,0,0,N/A
2025-11-13T17:14:43.370798,11535,31.992498,35.890198,0,0,58-11535,10622,0,0,0,0,N/A
2025-11-13T17:14:43.370798,11682,31.979483,35.89054,220.31,0,58-11682,10626,0,0,0,0,N/A
2025-11-13T17:14:43.370798,11415,31.96467,35.884106,0,0,58-11415,10629,0,0,0,0,N/A
2025-11-13T17:14:43.370798,11364,31.94595,35.92821,113.58,0,58-11364,10635,0,0,0,0,N/A
2025-11-13T17:14:43.370798,66163,31.948263,35.914677,93.3,0,58-66163,10641,0,0,0,0,N/A
2025-11-13T17:14:43.370798,59197,31.946157,35.92759,102.2,0,58-59197,10635,0,0,0,0,N/A
2025-11-13T17:14:43.370798,84113,31.946093,35.92779,102.7,0,58-84113,10636,0,0,0,0,N/A
2025-11-13T17:14:43.370798,10996,32.02087,35.84261,290.35,0,58-10996,10612,0,0,0,0,N/A
2025-11-13T17:14:43.370798,11541,31.967192,35.886955,0,0,58-11541,10637,0,0,0,0,N/A
2025-11-13T17:14:43.370798,11649,31.999647,36.01603,0,0,58-11649,11675,0,0,0,0,N/A
2025-11-13T17:14:43.370798,11652,31.945572,35.907276,0,0,58-11652,10637,0,0,0,0,N/A
2025-11-13T17:14:43.370798,76678,31.945368,35.928585,40.7,1,58-76678,10643,0,0,0,0,N/A
2025-11-13T17:14:43.370798,11017,31.948214,35.914886,0,1,58-11017,10634,0,0,0,0,N/A
2025-11-13T17:14:43.370798,78890,31.94763,35.916283,306.2,1,58-78890,10635,0,0,0,0,N/A
2025-11-13T17:14:43.370798,42113,31.945478,35.92865,30.5,1,58-42113,10643,0,0,0,0,N/A
2025-11-13T17:14:43.370798,94951,31.967794,35.886864,345,1,58-94951,10630,0,0,0,0,N/A
2025-11-13T17:14:43.370798,45556,31.951674,35.89886,287.2,1,58-45556,10634,0,0,0,0,N/A
2025-11-13T17:14:43.370798,75259,31.955374,35.88409,304.89,1,58-75259,10631,0,0,0,0,N/A
2025-11-13T17:14:43.370798,37113,31.969011,35.886482,347.2,1,58-37113,10629,0,0,0,0,N/A
2025-11-13T17:14:43.370798,11547,31.94757,35.934357,0,1,58-11547,10635,0,0,0,0,N/A
2025-11-13T17:14:43.370798,73439,31.96908,35.886475,347,1,58-73439,10629,0,0,0,0,N/A
2025-11-13T17:14:43.370798,11496,31.992702,35.890095,308.1,1,58-11496,10622,0,0,0,0,N/A
2025-11-13T17:14:43.370798,11514,31.988562,35.894897,0,1,58-11514,10623,0,0,0,0,N/A
2025-11-13T17:14:43.370798,11490,31.992409,35.890404,307.26,1,58-11490,10622,0,0,0,0,N/A
2025-11-13T17:14:43.370798,46750,32.01099,35.870853,342.1,1,58-46750,10618,0,0,0,0,N/A
2025-11-13T17:14:43.370798,11670,32.01112,35.870842,340.79,1,58-11670,10618,0,0,0,0,N/A
2025-11-13T17:14:43.370798,11502,32.017136,35.86638,321.79,1,58-11502,10617,0,0,0,0,N/A
2025-11-13T17:14:43.370798,10978,31.957146,35.88077,301.39,1,58-10978,10631,0,0,0,0,N/A
2025-11-13T17:14:43.370798,11532,31.992254,35.89032,0,1,58-11532,10622,0,0,0,0,N/A
2025-11-13T17:14:43.370798,80072,31.96757,35.88687,348,1,58-80072,10629,0,0,0,0,N/A
2025-11-13T17:14:43.370798,11718,32.00365,35.874233,144.86,1,58-11718,10642,0,0,0,0,N/A
2025-11-13T17:15:30.377443,11550,32.022243,35.860695,0,0,58-11550,10616,0,0,0,0,N/A
2025-11-13T17:15:30.377443,47376,32.020878,35.842575,0,0,58-47376,10612,0,0,0,0,N/A
2025-11-13T17:15:30.377443,56867,32.020824,35.842712,287.89,0,58-56867,10612,0,0,0,0,N/A
2025-11-13T17:15:30.377443,55857,32.02084,35.842693,295.8,0,58-55857,10612,0,0,0,0,N/A
2025-11-13T17:15:30.377443,11721,32.020847,35.842743,291.57,0,58-11721,10612,0,0,0,0,N/A
2025-11-13T17:15:30.377443,88302,32.020844,35.842667,288.89,0,58-88302,10612,0,0,0,0,N/A
2025-11-13T17:15:30.377443,63779,32.020885,35.842976,353.74,0,58-63779,10613,0,0,0,0,N/A
2025-11-13T17:15:30.377443,93341,32.023396,35.849293,70.9,0,58-93341,10612,0,0,0,0,N/A
2025-11-13T17:15:30.377443,11499,32.019695,35.863686,135.38,0,58-11499,10616,0,0,0,0,N/A
2025-11-13T17:15:30.377443,11688,31.995914,35.88481,126.69,0,58-11688,10621,0,0,0,0,N/A
2025-11-13T17:15:30.377443,56302,32.014618,35.868652,143.4,0,58-56302,10617,0,0,0,0,N/A
2025-11-13T17:15:30.377443,11442,31.985552,35.897636,132.5,0,58-11442,10622,0,0,0,0,N/A
2025-11-13T17:15:30.377443,10984,31.987818,35.89559,142.66,0,58-10984,10622,0,0,0,0,N/A
2025-11-13T17:15:30.377443,11526,31.995625,35.885265,0,0,58-11526,10621,0,0,0,0,N/A
2025-11-13T17:15:30.377443,11535,31.990396,35.892895,137.74,0,58-11535,10622,0,0,0,0,N/A
2025-11-13T17:15:30.377443,11682,31.976053,35.88758,205.23,0,58-11682,10627,0,0,0,0,N/A
2025-11-13T17:15:30.377443,11415,31.96467,35.884106,0,0,58-11415,10629,0,0,0,0,N/A
2025-11-13T17:15:30.377443,11364,31.94595,35.92821,113.58,0,58-11364,10635,0,0,0,0,N/A
2025-11-13T17:15:30.377443,66163,31.948242,35.91473,97.3,0,58-66163,10641,0,0,0,0,N/A
2025-11-13T17:15:30.377443,59197,31.946157,35.92759,102.2,0,58-59197,10635,0,0,0,0,N/A
2025-11-13T17:15:30.377443,84113,31.946093,35.92779,102.7,0,58-84113,10636,0,0,0,0,N/A
2025-11-13T17:15:30.377443,10996,32.02087,35.84261,290.35,0,58-10996,10612,0,0,0,0,N/A
2025-11-13T17:15:30.377443,11541,31.967024,35.886963,0,0,58-11541,10637,0,0,0,0,N/A
2025-11-13T17:15:30.377443,11649,31.999647,36.01603,0,0,58-11649,11675,0,0,0,0,N/A
2025-11-13T17:15:30.377443,11652,31.945654,35.9068,0,0,58-11652,10637,0,0,0,0,N/A
2025-11-13T17:15:30.377443,76678,31.945372,35.928585,40.7,1,58-76678,10643,0,0,0,0,N/A
2025-11-13T17:15:30.377443,11017,31.948214,35.914886,0,1,58-11017,10634,0,0,0,0,N/A
2025-11-13T17:15:30.377443,78890,31.94803,35.91551,299.89,1,58-78890,10635,0,0,0,0,N/A
2025-11-13T17:15:30.377443,42113,31.945482,35.92865,30.5,1,58-42113,10643,0,0,0,0,N/A
2025-11-13T17:15:30.377443,94951,31.96986,35.886326,347.8,1,58-94951,10630,0,0,0,0,N/A
2025-11-13T17:15:30.377443,45556,31.951748,35.894123,273.7,1,58-45556,10634,0,0,0,0,N/A
2025-11-13T17:15:30.377443,75259,31.958073,35.879223,323.2,1,58-75259,10630,0,0,0,0,N/A
2025-11-13T17:15:30.377443,37113,31.969503,35.886395,351.9,1,58-37113,10629,0,0,0,0,N/A
2025-11-13T17:15:30.377443,11547,31.948046,35.93512,0,1,58-11547,10635,0,0,0,0,N/A
2025-11-13T17:15:30.377443,73439,31.969666,35.886368,353.6,1,58-73439,10629,0,0,0,0,N/A
2025-11-13T17:15:30.377443,11496,31.992672,35.89012,308.1,1,58-11496,10622,0,0,0,0,N/A
2025-11-13T17:15:30.377443,11514,31.992334,35.89055,307.32,1,58-11514,10622,0,0,0,0,N/A
2025-11-13T17:15:30.377443,11490,31.992678,35.889988,0,1,58-11490,10622,0,0,0,0,N/A
2025-11-13T17:15:30.377443,46750,32.014107,35.869144,327.7,1,58-46750,10618,0,0,0,0,N/A
2025-11-13T17:15:30.377443,11670,32.012962,35.869846,332.26,1,58-11670,10618,0,0,0,0,N/A
2025-11-13T17:15:30.377443,11502,32.01823,35.865387,0,1,58-11502,10615,0,0,0,0,N/A
2025-11-13T17:15:30.377443,10978,31.957146,35.88077,301.39,1,58-10978,10631,0,0,0,0,N/A
2025-11-13T17:15:30.377443,11532,31.992254,35.89032,0,1,58-11532,10622,0,0,0,0,N/A
2025-11-13T17:15:30.377443,80072,31.969254,35.886436,348,1,58-80072,10629,0,0,0,0,N/A
2025-11-13T17:15:30.377443,11718,31.999273,35.879566,126.56,1,58-11718,10642,0,0,0,0,N/A
2025-11-13T17:16:07.055870,11550,32.01988,35.86351,134.38,0,58-11550,10616,0,0,0,0,N/A
2025-11-13T17:16:07.055870,47376,32.020878,35.842575,0,0,58-47376,10612,0,0,0,0,N/A
2025-11-13T17:16:07.055870,56867,32.020824,35.842712,287.89,0,58-56867,10612,0,0,0,0,N/A
2025-11-13T17:16:07.055870,55857,32.02084,35.842693,295.8,0,58-55857,10612,0,0,0,0,N/A
2025-11-13T17:16:07.055870,11721,32.020847,35.842743,291.57,0,58-11721,10612,0,0,0,0,N/A
2025-11-13T17:16:07.055870,88302,32.020844,35.842667,288.89,0,58-88302,10612,0,0,0,0,N/A
2025-11-13T17:16:07.055870,63779,32.020885,35.842976,353.74,0,58-63779,10613,0,0,0,0,N/A
2025-11-13T17:16:07.055870,93341,32.02436,35.85266,72.5,0,58-93341,10612,0,0,0,0,N/A
2025-11-13T17:16:07.055870,11499,32.018826,35.86468,0,0,58-11499,10616,0,0,0,0,N/A
2025-11-13T17:16:07.055870,11688,31.9957,35.88512,0,0,58-11688,10621,0,0,0,0,N/A
2025-11-13T17:16:07.055870,56302,32.01118,35.87077,161.69,0,58-56302,10618,0,0,0,0,N/A
2025-11-13T17:16:07.055870,11442,31.985315,35.897907,130.8,0,58-11442,10625,0,0,0,0,N/A
2025-11-13T17:16:07.055870,10984,31.985968,35.8973,145.43,0,58-10984,10622,0,0,0,0,N/A
2025-11-13T17:16:07.055870,11526,31.995625,35.885265,0,0,58-11526,10621,0,0,0,0,N/A
2025-11-13T17:16:07.055870,11535,31.9878,35.89561,141.69,0,58-11535,10622,0,0,0,0,N/A
2025-11-13T17:16:07.055870,11682,31.975946,35.887512,0,0,58-11682,10627,0,0,0,0,N/A
2025-11-13T17:16:07.055870,11415,31.96467,35.884106,0,0,58-11415,10629,0,0,0,0,N/A
2025-11-13T17:16:07.055870,11364,31.94595,35.92821,113.58,0,58-11364,10635,0,0,0,0,N/A
2025-11-13T17:16:07.055870,66163,31.94793,35.915764,125.7,0,58-66163,10635,0,0,0,0,N/A
2025-11-13T17:16:07.055870,59197,31.946157,35.92759,102.2,0,58-59197,10635,0,0,0,0,N/A
2025-11-13T17:16:07.055870,84113,31.946093,35.92779,102.7,0,58-84113,10636,0,0,0,0,N/A
2025-11-13T17:16:07.055870,10996,32.02087,35.84261,290.35,0,58-10996,10612,0,0,0,0,N/A
2025-11-13T17:16:07.055870,11541,31.967024,35.886963,0,0,58-11541,10637,0,0,0,0,N/A
2025-11-13T17:16:07.055870,11649,31.999647,36.01603,0,0,58-11649,11675,0,0,0,0,N/A
2025-11-13T17:16:07.055870,11652,31.947252,35.90451,320.14,0,58-11652,10637,0,0,0,0,N/A
2025-11-13T17:16:07.055870,76678,31.945372,35.928585,40.7,1,58-76678,10643,0,0,0,0,N/A
2025-11-13T17:16:07.055870,11017,31.947771,35.91593,0,1,58-11017,10634,0,0,0,0,N/A
2025-11-13T17:16:07.055870,78890,31.94822,35.914986,280.2,1,58-78890,10635,0,0,0,0,N/A
2025-11-13T17:16:07.055870,42113,31.945484,35.928646,30.5,1,58-42113,10643,0,0,0,0,N/A
2025-11-13T17:16:07.055870,94951,31.970236,35.886272,354.9,1,58-94951,10630,0,0,0,0,N/A
2025-11-13T17:16:07.055870,45556,31.953516,35.88924,296.89,1,58-45556,10632,0,0,0,0,N/A
2025-11-13T17:16:07.055870,75259,31.958702,35.879456,29.3,1,58-75259,10630,0,0,0,0,N/A
2025-11-13T17:16:07.055870,37113,31.97019,35.886326,355.2,1,58-37113,10629,0,0,0,0,N/A
2025-11-13T17:16:07.055870,11547,31.948467,35.93554,0,1,58-11547,10635,0,0,0,0,N/A
2025-11-13T17:16:07.055870,73439,31.970398,35.886326,356.3,1,58-73439,10629,0,0,0,0,N/A
2025-11-13T17:16:07.055870,11496,31.99328,35.889126,306.7,1,58-11496,10622,0,0,0,0,N/A
2025-11-13T17:16:07.055870,11514,31.992338,35.89054,0,1,58-11514,10622,0,0,0,0,N/A
2025-11-13T17:16:07.055870,11490,31.994135,35.88767,305.83,1,58-11490,10622,0,0,0,0,N/A
2025-11-13T17:16:07.055870,46750,32.016006,35.867447,321.2,1,58-46750,10617,0,0,0,0,N/A
2025-11-13T17:16:07.055870,11670,32.015152,35.86816,0,1,58-11670,10617,0,0,0,0,N/A
2025-11-13T17:16:07.055870,11502,32.01823,35.865387,0,1,58-11502,10615,0,0,0,0,N/A
2025-11-13T17:16:07.055870,10978,31.957146,35.88077,301.39,1,58-10978,10631,0,0,0,0,N/A
2025-11-13T17:16:07.055870,11532,31.992254,35.89032,0,1,58-11532,10622,0,0,0,0,N/A
2025-11-13T17:16:07.055870,80072,31.969986,35.886314,356.6,1,58-80072,10629,0,0,0,0,N/A
2025-11-13T17:16:07.055870,11718,31.997337,35.882603,126.2,1,58-11718,10642,0,0,0,0,N/A
2025-11-13T17:16:51.265176,11550,32.01876,35.86474,136.25,0,58-11550,10616,0,0,0,0,N/A
2025-11-13T17:16:51.265176,47376,32.020878,35.842575,0,0,58-47376,10612,0,0,0,0,N/A
2025-11-13T17:16:51.265176,56867,32.020824,35.842712,287.89,0,58-56867,10612,0,0,0,0,N/A
2025-11-13T17:16:51.265176,55857,32.02084,35.842693,295.8,0,58-55857,10612,0,0,0,0,N/A
2025-11-13T17:16:51.265176,11721,32.020847,35.842743,291.57,0,58-11721,10612,0,0,0,0,N/A
2025-11-13T17:16:51.265176,88302,32.020844,35.842667,288.89,0,58-88302,10612,0,0,0,0,N/A
2025-11-13T17:16:51.265176,63779,32.020885,35.842976,353.74,0,58-63779,10613,0,0,0,0,N/A
2025-11-13T17:16:51.265176,93341,32.024723,35.854015,88.3,0,58-93341,10612,0,0,0,0,N/A
2025-11-13T17:16:51.265176,11499,32.018246,35.865307,139.03,0,58-11499,11671,0,0,0,0,N/A
2025-11-13T17:16:51.265176,11688,31.99528,35.88578,126.57,0,58-11688,10621,0,0,0,0,N/A
2025-11-13T17:16:51.265176,56302,32.005108,35.8733,154.3,0,58-56302,10619,0,0,0,0,N/A
2025-11-13T17:16:51.265176,11442,31.985317,35.897896,130.9,0,58-11442,10625,0,0,0,0,N/A
2025-11-13T17:16:51.265176,10984,31.98585,35.897392,0,0,58-10984,10622,0,0,0,0,N/A
2025-11-13T17:16:51.265176,11526,31.995625,35.885265,0,0,58-11526,10621,0,0,0,0,N/A
2025-11-13T17:16:51.265176,11535,31.98595,35.897366,0,0,58-11535,10622,0,0,0,0,N/A
2025-11-13T17:16:51.265176,11682,31.975946,35.887512,0,0,58-11682,10627,0,0,0,0,N/A
2025-11-13T17:16:51.265176,11415,31.963766,35.88334,215.29,0,58-11415,10629,0,0,0,0,N/A
2025-11-13T17:16:51.265176,11364,31.94595,35.92821,113.58,0,58-11364,10635,0,0,0,0,N/A
2025-11-13T17:16:51.265176,66163,31.947887,35.915836,121.5,0,58-66163,10635,0,0,0,0,N/A
2025-11-13T17:16:51.265176,59197,31.946157,35.92759,102.2,0,58-59197,10635,0,0,0,0,N/A
2025-11-13T17:16:51.265176,84113,31.946093,35.92779,102.7,0,58-84113,10636,0,0,0,0,N/A
2025-11-13T17:16:51.265176,10996,32.02087,35.84261,290.35,0,58-10996,10612,0,0,0,0,N/A
2025-11-13T17:16:51.265176,11541,31.96522,35.88465,220.23,0,58-11541,10637,0,0,0,0,N/A
2025-11-13T17:16:51.265176,11649,31.999647,36.01603,0,0,58-11649,11675,0,0,0,0,N/A
2025-11-13T17:16:51.265176,11652,31.951315,35.89981,296.23,0,58-11652,10637,0,0,0,0,N/A
2025-11-13T17:16:51.265176,76678,31.945457,35.92867,27.4,1,58-76678,10643,0,0,0,0,N/A
2025-11-13T17:16:51.265176,11017,31.947773,35.91593,0,1,58-11017,10634,0,0,0,0,N/A
2025-11-13T17:16:51.265176,78890,31.947615,35.91179,243.4,1,58-78890,10635,0,0,0,0,N/A
2025-11-13T17:16:51.265176,42113,31.945875,35.928497,297.1,1,58-42113,10643,0,0,0,0,N/A
2025-11-13T17:16:51.265176,94951,31.970238,35.88627,354.9,1,58-94951,10630,0,0,0,0,N/A
2025-11-13T17:16:51.265176,45556,31.95399,35.887886,290.39,1,58-45556,10632,0,0,0,0,N/A
2025-11-13T17:16:51.265176,75259,31.95869,35.879482,29.3,1,58-75259,10630,0,0,0,0,N/A
2025-11-13T17:16:51.265176,37113,31.976204,35.88768,22.7,1,58-37113,10627,0,0,0,0,N/A
2025-11-13T17:16:51.265176,11547,31.948849,35.935772,0,1,58-11547,10635,0,0,0,0,N/A
2025-11-13T17:16:51.265176,73439,31.976381,35.887775,25.4,1,58-73439,10627,0,0,0,0,N/A
2025-11-13T17:16:51.265176,11496,31.995975,35.884884,305.2,1,58-11496,10621,0,0,0,0,N/A
2025-11-13T17:16:51.265176,11514,31.992657,35.88999,0,1,58-11514,10622,0,0,0,0,N/A
2025-11-13T17:16:51.265176,11490,31.99586,35.884953,0,1,58-11490,10621,0,0,0,0,N/A
2025-11-13T17:16:51.265176,46750,32.0184,35.86524,318.5,1,58-46750,10615,0,0,0,0,N/A
2025-11-13T17:16:51.265176,11670,32.018223,35.86533,0,1,58-11670,10615,0,0,0,0,N/A
2025-11-13T17:16:51.265176,11502,32.0192,35.864372,314.76,1,58-11502,10615,0,0,0,0,N/A
2025-11-13T17:16:51.265176,10978,31.957146,35.88077,301.39,1,58-10978,10631,0,0,0,0,N/A
2025-11-13T17:16:51.265176,11532,31.992254,35.89032,0,1,58-11532,10622,0,0,0,0,N/A
2025-11-13T17:16:51.265176,80072,31.976036,35.887604,25.9,1,58-80072,10627,0,0,0,0,N/A
2025-11-13T17:16:51.265176,11718,31.996098,35.884525,0,1,58-11718,10642,0,0,0,0,N/A
2025-11-13T17:17:32.851705,11550,32.01832,35.86517,0,0,58-11550,11671,0,0,0,0,N/A
2025-11-13T17:17:32.851705,47376,32.020878,35.842575,0,0,58-47376,10612,0,0,0,0,N/A
2025-11-13T17:17:32.851705,56867,32.020824,35.842712,287.89,0,58-56867,10612,0,0,0,0,N/A
2025-11-13T17:17:32.851705,55857,32.02084,35.842693,295.8,0,58-55857,10612,0,0,0,0,N/A
2025-11-13T17:17:32.851705,11721,32.020847,35.842743,291.57,0,58-11721,10612,0,0,0,0,N/A
2025-11-13T17:17:32.851705,88302,32.020844,35.842667,288.89,0,58-88302,10612,0,0,0,0,N/A
2025-11-13T17:17:32.851705,63779,32.02239,35.845516,72.25,0,58-63779,10613,0,0,0,0,N/A
2025-11-13T17:17:32.851705,93341,32.024773,35.854927,86.8,0,58-93341,11675,0,0,0,0,N/A
2025-11-13T17:17:32.851705,11499,32.015408,35.867924,142.57,0,58-11499,10617,0,0,0,0,N/A
2025-11-13T17:17:32.851705,11688,31.993067,35.889305,126.78,0,58-11688,10621,0,0,0,0,N/A
2025-11-13T17:17:32.851705,56302,32.0051,35.8733,144.1,0,58-56302,10619,0,0,0,0,N/A
2025-11-13T17:17:32.851705,11442,31.985317,35.8979,130.9,0,58-11442,10625,0,0,0,0,N/A
2025-11-13T17:17:32.851705,10984,31.98585,35.897392,0,0,58-10984,10622,0,0,0,0,N/A
2025-11-13T17:17:32.851705,11526,31.992777,35.88977,0,0,58-11526,10622,0,0,0,0,N/A
2025-11-13T17:17:32.851705,11535,31.98595,35.897366,0,0,58-11535,10622,0,0,0,0,N/A
2025-11-13T17:17:32.851705,11682,31.972094,35.886307,0,0,58-11682,10628,0,0,0,0,N/A
2025-11-13T17:17:32.851705,11415,31.960253,35.88062,0,0,58-11415,10629,0,0,0,0,N/A
2025-11-13T17:17:32.851705,11364,31.94595,35.92821,113.58,0,58-11364,10635,0,0,0,0,N/A
2025-11-13T17:17:32.851705,66163,31.947872,35.915825,122.9,0,58-66163,10635,0,0,0,0,N/A
2025-11-13T17:17:32.851705,59197,31.946157,35.92759,102.2,0,58-59197,10635,0,0,0,0,N/A
2025-11-13T17:17:32.851705,84113,31.946093,35.92779,102.7,0,58-84113,10636,0,0,0,0,N/A
2025-11-13T17:17:32.851705,10996,32.02087,35.84261,290.35,0,58-10996,10612,0,0,0,0,N/A
2025-11-13T17:17:32.851705,11541,31.964651,35.884026,0,0,58-11541,10637,0,0,0,0,N/A
2025-11-13T17:17:32.851705,11649,31.999647,36.01603,0,0,58-11649,11675,0,0,0,0,N/A
2025-11-13T17:17:32.851705,11652,31.951828,35.89715,266.39,0,58-11652,10637,0,0,0,0,N/A
2025-11-13T17:17:32.851705,76678,31.94546,35.92867,27.4,1,58-76678,10643,0,0,0,0,N/A
2025-11-13T17:17:32.851705,11017,31.947773,35.91593,0,1,58-11017,10634,0,0,0,0,N/A
2025-11-13T17:17:32.851705,78890,31.946323,35.90558,307.5,1,58-78890,10635,0,0,0,0,N/A
2025-11-13T17:17:32.851705,42113,31.94628,35.92451,260.8,1,58-42113,10636,0,0,0,0,N/A
2025-11-13T17:17:32.851705,94951,31.972595,35.886253,4,1,58-94951,10630,0,0,0,0,N/A
2025-11-13T17:17:32.851705,45556,31.954023,35.887844,296.1,1,58-45556,10632,0,0,0,0,N/A
2025-11-13T17:17:32.851705,75259,31.959446,35.880043,34.6,1,58-75259,10630,0,0,0,0,N/A
2025-11-13T17:17:32.851705,37113,31.976807,35.888027,31.3,1,58-37113,10627,0,0,0,0,N/A
2025-11-13T17:17:32.851705,11547,31.951258,35.937153,42.29,1,58-11547,10635,0,0,0,0,N/A
2025-11-13T17:17:32.851705,73439,31.977707,35.888733,37.5,1,58-73439,10627,0,0,0,0,N/A
2025-11-13T17:17:32.851705,11496,31.997772,35.88208,307.2,1,58-11496,10621,0,0,0,0,N/A
2025-11-13T17:17:32.851705,11514,31.992657,35.88999,0,1,58-11514,10622,0,0,0,0,N/A
2025-11-13T17:17:32.851705,11490,31.998764,35.880417,306.41,1,58-11490,10621,0,0,0,0,N/A
2025-11-13T17:17:32.851705,46750,32.018513,35.865124,318.6,1,58-46750,10615,0,0,0,0,N/A
2025-11-13T17:17:32.851705,11670,32.018223,35.86533,0,1,58-11670,10615,0,0,0,0,N/A
2025-11-13T17:17:32.851705,11502,32.02236,35.860607,0,1,58-11502,10616,0,0,0,0,N/A
2025-11-13T17:17:32.851705,10978,31.957146,35.88077,301.39,1,58-10978,10631,0,0,0,0,N/A
2025-11-13T17:17:32.851705,11532,31.992254,35.89032,0,1,58-11532,10622,0,0,0,0,N/A
2025-11-13T17:17:32.851705,80072,31.9767,35.888027,29,1,58-80072,10627,0,0,0,0,N/A
2025-11-13T17:17:32.851705,11718,31.995888,35.884888,0,1,58-11718,10642,0,0,0,0,N/A
2025-11-13T17:18:16.478496,11550,32.01832,35.86517,0,0,58-11550,11671,0,0,0,0,N/A
2025-11-13T17:18:16.478496,47376,32.020878,35.842575,0,0,58-47376,10612,0,0,0,0,N/A
2025-11-13T17:18:16.478496,56867,32.020824,35.842712,287.89,0,58-56867,10612,0,0,0,0,N/A
2025-11-13T17:18:16.478496,55857,32.02084,35.842693,295.8,0,58-55857,10612,0,0,0,0,N/A
2025-11-13T17:18:16.478496,11721,32.020847,35.842743,291.57,0,58-11721,10612,0,0,0,0,N/A
2025-11-13T17:18:16.478496,88302,32.020844,35.842667,288.89,0,58-88302,10612,0,0,0,0,N/A
2025-11-13T17:18:16.478496,63779,32.02273,35.846848,74.7,0,58-63779,10613,0,0,0,0,N/A
2025-11-13T17:18:16.478496,93341,32.024532,35.856785,105.2,0,58-93341,11675,0,0,0,0,N/A
2025-11-13T17:18:16.478496,11499,32.015137,35.86816,0,0,58-11499,10617,0,0,0,0,N/A
2025-11-13T17:18:16.478496,11688,31.99252,35.890198,0,0,58-11688,10622,0,0,0,0,N/A
2025-11-13T17:18:16.478496,56302,32.000744,35.877384,131.19,0,58-56302,10619,0,0,0,0,N/A
2025-11-13T17:18:16.478496,11442,31.985317,35.8979,130.9,0,58-11442,10625,0,0,0,0,N/A
2025-11-13T17:18:16.478496,10984,31.98585,35.897392,0,0,58-10984,10622,0,0,0,0,N/A
2025-11-13T17:18:16.478496,11526,31.992472,35.89027,0,0,58-11526,10622,0,0,0,0,N/A
2025-11-13T17:18:16.478496,11535,31.98595,35.897366,0,0,58-11535,10622,0,0,0,0,N/A
2025-11-13T17:18:16.478496,11682,31.969975,35.88633,175.74,0,58-11682,10628,0,0,0,0,N/A
2025-11-13T17:18:16.478496,11415,31.960253,35.88062,0,0,58-11415,10629,0,0,0,0,N/A
2025-11-13T17:18:16.478496,11364,31.94595,35.92821,113.58,0,58-11364,10635,0,0,0,0,N/A
2025-11-13T17:18:16.478496,66163,31.945738,35.920464,105.1,0,58-66163,10635,0,0,0,0,N/A
2025-11-13T17:18:16.478496,59197,31.946157,35.92759,102.2,0,58-59197,10635,0,0,0,0,N/A
2025-11-13T17:18:16.478496,84113,31.946093,35.92779,102.7,0,58-84113,10636,0,0,0,0,N/A
2025-11-13T17:18:16.478496,10996,32.02087,35.84261,290.35,0,58-10996,10612,0,0,0,0,N/A
2025-11-13T17:18:16.478496,11541,31.962997,35.882618,215.83,0,58-11541,10637,0,0,0,0,N/A
2025-11-13T17:18:16.478496,11649,31.999647,36.01603,0,0,58-11649,11675,0,0,0,0,N/A
2025-11-13T17:18:16.478496,11652,31.951765,35.895866,266.29,0,58-11652,10637,0,0,0,0,N/A
2025-11-13T17:18:16.478496,76678,31.94546,35.92867,27.4,1,58-76678,10643,0,0,0,0,N/A
2025-11-13T17:18:16.478496,11017,31.945478,35.921867,85.21,1,58-11017,10634,0,0,0,0,N/A
2025-11-13T17:18:16.478496,78890,31.94943,35.902576,320.7,1,58-78890,10635,0,0,0,0,N/A
2025-11-13T17:18:16.478496,42113,31.945894,35.923042,245.2,1,58-42113,10636,0,0,0,0,N/A
2025-11-13T17:18:16.478496,94951,31.976255,35.887398,24.5,1,58-94951,10627,0,0,0,0,N/A
2025-11-13T17:18:16.478496,45556,31.955301,35.884285,303.2,1,58-45556,10631,0,0,0,0,N/A
2025-11-13T17:18:16.478496,75259,31.961777,35.881893,34.5,1,58-75259,10630,0,0,0,0,N/A
2025-11-13T17:18:16.478496,37113,31.977264,35.88842,38.4,1,58-37113,10627,0,0,0,0,N/A
2025-11-13T17:18:16.478496,11547,31.952425,35.93825,50.86,1,58-11547,10635,0,0,0,0,N/A
2025-11-13T17:18:16.478496,73439,31.980768,35.891895,46.8,1,58-73439,10626,0,0,0,0,N/A
2025-11-13T17:18:16.478496,11496,32.00079,35.87744,309.7,1,58-11496,10620,0,0,0,0,N/A
2025-11-13T17:18:16.478496,11514,31.994253,35.887424,306.52,1,58-11514,10622,0,0,0,0,N/A
2025-11-13T17:18:16.478496,11490,32.001614,35.876293,316.05,1,58-11490,10621,0,0,0,0,N/A
2025-11-13T17:18:16.478496,46750,32.020176,35.863186,314.6,1,58-46750,10615,0,0,0,0,N/A
2025-11-13T17:18:16.478496,11670,32.0198,35.863586,314.95,1,58-11670,10615,0,0,0,0,N/A
2025-11-13T17:18:16.478496,11502,32.023857,35.858604,302.52,1,58-11502,10616,0,0,0,0,N/A
2025-11-13T17:18:16.478496,10978,31.957146,35.88077,301.39,1,58-10978,10631,0,0,0,0,N/A
2025-11-13T17:18:16.478496,11532,31.992254,35.89032,0,1,58-11532,10622,0,0,0,0,N/A
2025-11-13T17:18:16.478496,80072,31.976702,35.888023,29,1,58-80072,10627,0,0,0,0,N/A
2025-11-13T17:18:16.478496,11718,31.994408,35.88724,126.29,1,58-11718,10642,0,0,0,0,N/A
2025-11-13T17:19:01.469316,11550,32.015755,35.8676,142.71,0,58-11550,11671,0,0,0,0,N/A
2025-11-13T17:19:01.469316,47376,32.020878,35.842575,0,0,58-47376,10612,0,0,0,0,N/A
2025-11-13T17:19:01.469316,56867,32.020824,35.842712,287.89,0,58-56867,10612,0,0,0,0,N/A
2025-11-13T17:19:01.469316,55857,32.02084,35.842693,295.8,0,58-55857,10612,0,0,0,0,N/A
2025-11-13T17:19:01.469316,11721,32.020847,35.842743,291.57,0,58-11721,10612,0,0,0,0,N/A
2025-11-13T17:19:01.469316,88302,32.020844,35.842667,288.89,0,58-88302,10612,0,0,0,0,N/A
2025-11-13T17:19:01.469316,63779,32.023754,35.850506,70.25,0,58-63779,10613,0,0,0,0,N/A
2025-11-13T17:19:01.469316,93341,32.023193,35.859566,134.4,0,58-93341,11675,0,0,0,0,N/A
2025-11-13T17:19:01.469316,11499,32.014507,35.868725,144.4,0,58-11499,10617,0,0,0,0,N/A
2025-11-13T17:19:01.469316,11688,31.992214,35.89069,127.54,0,58-11688,10622,0,0,0,0,N/A
2025-11-13T17:19:01.469316,56302,31.997927,35.88174,127,0,58-56302,10619,0,0,0,0,N/A
2025-11-13T17:19:01.469316,11442,31.985409,35.898388,21,0,58-11442,10625,0,0,0,0,N/A
2025-11-13T17:19:01.469316,10984,31.98531,35.897926,0,0,58-10984,10625,0,0,0,0,N/A
2025-11-13T17:19:01.469316,11526,31.991491,35.89171,134.87,0,58-11526,10622,0,0,0,0,N/A
2025-11-13T17:19:01.469316,11535,31.98566,35.897575,0,0,58-11535,10622,0,0,0,0,N/A
2025-11-13T17:19:01.469316,11682,31.969578,35.886368,0,0,58-11682,10628,0,0,0,0,N/A
2025-11-13T17:19:01.469316,11415,31.95977,35.88022,0,0,58-11415,10629,0,0,0,0,N/A
2025-11-13T17:19:01.469316,11364,31.94595,35.92821,113.58,0,58-11364,10635,0,0,0,0,N/A
2025-11-13T17:19:01.469316,66163,31.94595,35.92329,67.4,0,58-66163,10635,0,0,0,0,N/A
2025-11-13T17:19:01.469316,59197,31.946157,35.92759,102.2,0,58-59197,10635,0,0,0,0,N/A
2025-11-13T17:19:01.469316,84113,31.946093,35.92779,102.7,0,58-84113,10636,0,0,0,0,N/A
2025-11-13T17:19:01.469316,10996,32.02087,35.84261,290.35,0,58-10996,10612,0,0,0,0,N/A
2025-11-13T17:19:01.469316,11541,31.962997,35.882618,215.83,0,58-11541,10637,0,0,0,0,N/A
2025-11-13T17:19:01.469316,11649,31.999647,36.01603,0,0,58-11649,11675,0,0,0,0,N/A
2025-11-13T17:19:01.469316,11652,31.953554,35.88904,297.48,0,58-11652,10637,0,0,0,0,N/A
2025-11-13T17:19:01.469316,76678,31.945463,35.92867,27.4,1,58-76678,10643,0,0,0,0,N/A
2025-11-13T17:19:01.469316,11017,31.946268,35.926506,100.68,1,58-11017,10634,0,0,0,0,N/A
2025-11-13T17:19:01.469316,78890,31.951996,35.892845,290.3,1,58-78890,10633,0,0,0,0,N/A
2025-11-13T17:19:01.469316,42113,31.946262,35.91852,301.2,1,58-42113,10636,0,0,0,0,N/A
2025-11-13T17:19:01.469316,94951,31.977228,35.88795,29.6,1,58-94951,10627,0,0,0,0,N/A
2025-11-13T17:19:01.469316,45556,31.955372,35.884113,293.8,1,58-45556,10631,0,0,0,0,N/A
2025-11-13T17:19:01.469316,75259,31.963379,35.883118,35.5,1,58-75259,10630,0,0,0,0,N/A
2025-11-13T17:19:01.469316,37113,31.977406,35.88852,34.9,1,58-37113,10627,0,0,0,0,N/A
2025-11-13T17:19:01.469316,11547,31.953611,35.9458,74.75,1,58-11547,10635,0,0,0,0,N/A
2025-11-13T17:19:01.469316,73439,31.980993,35.892193,47.9,1,58-73439,10626,0,0,0,0,N/A
2025-11-13T17:19:01.469316,11496,32.004704,35.873657,332.6,1,58-11496,10619,0,0,0,0,N/A
2025-11-13T17:19:01.469316,11514,31.996807,35.883404,306.5,1,58-11514,10621,0,0,0,0,N/A
2025-11-13T17:19:01.469316,11490,32.00515,35.87334,0,1,58-11490,10619,0,0,0,0,N/A
2025-11-13T17:19:01.469316,46750,32.02275,35.86012,314.2,1,58-46750,10615,0,0,0,0,N/A
2025-11-13T17:19:01.469316,11670,32.02233,35.860596,314.83,1,58-11670,10616,0,0,0,0,N/A
2025-11-13T17:19:01.469316,11502,32.02478,35.85489,0,1,58-11502,10614,0,0,0,0,N/A
2025-11-13T17:19:01.469316,10978,31.957146,35.88077,301.39,1,58-10978,10631,0,0,0,0,N/A
2025-11-13T17:19:01.469316,11532,31.992254,35.89032,0,1,58-11532,10622,0,0,0,0,N/A
2025-11-13T17:19:01.469316,80072,31.977724,35.888767,35.7,1,58-80072,10627,0,0,0,0,N/A
2025-11-13T17:19:01.469316,11718,31.993032,35.889374,0,1,58-11718,10642,0,0,0,0,N/A
2025-11-13T17:19:40.614052,11550,32.015232,35.868057,0,0,58-11550,10617,0,0,0,0,N/A
2025-11-13T17:19:40.614052,47376,32.020878,35.842575,0,0,58-47376,10612,0,0,0,0,N/A
2025-11-13T17:19:40.614052,56867,32.020824,35.842712,287.89,0,58-56867,10612,0,0,0,0,N/A
2025-11-13T17:19:40.614052,55857,32.02084,35.842693,295.8,0,58-55857,10612,0,0,0,0,N/A
2025-11-13T17:19:40.614052,11721,32.020847,35.842743,291.57,0,58-11721,10612,0,0,0,0,N/A
2025-11-13T17:19:40.614052,88302,32.02139,35.84309,67.5,0,58-88302,10612,0,0,0,0,N/A
2025-11-13T17:19:40.614052,63779,32.024666,35.85389,0,0,58-63779,10613,0,0,0,0,N/A
2025-11-13T17:19:40.614052,93341,32.020195,35.863163,134.6,0,58-93341,10616,0,0,0,0,N/A
2025-11-13T17:19:40.614052,11499,32.010998,35.870804,0,0,58-11499,10618,0,0,0,0,N/A
2025-11-13T17:19:40.614052,11688,31.989586,35.89375,138.15,0,58-11688,10622,0,0,0,0,N/A
2025-11-13T17:19:40.614052,56302,31.995853,35.884983,120.2,0,58-56302,10621,0,0,0,0,N/A
2025-11-13T17:19:40.614052,11442,31.985933,35.89799,305.6,0,58-11442,10625,0,0,0,0,N/A
2025-11-13T17:19:40.614052,10984,31.98531,35.897926,0,0,58-10984,10625,0,0,0,0,N/A
2025-11-13T17:19:40.614052,11526,31.98866,35.89471,138.41,0,58-11526,10623,0,0,0,0,N/A
2025-11-13T17:19:40.614052,11535,31.985464,35.897793,0,0,58-11535,10625,0,0,0,0,N/A
2025-11-13T17:19:40.614052,11682,31.967081,35.886967,0,0,58-11682,10640,0,0,0,0,N/A
2025-11-13T17:19:40.614052,11415,31.959578,35.880062,0,0,58-11415,10629,0,0,0,0,N/A
2025-11-13T17:19:40.614052,11364,31.94595,35.92821,113.58,0,58-11364,10635,0,0,0,0,N/A
2025-11-13T17:19:40.614052,66163,31.94602,35.928097,110.4,0,58-66163,10635,0,0,0,0,N/A
2025-11-13T17:19:40.614052,59197,31.946157,35.92759,102.2,0,58-59197,10635,0,0,0,0,N/A
2025-11-13T17:19:40.614052,84113,31.946093,35.92779,102.7,0,58-84113,10636,0,0,0,0,N/A
2025-11-13T17:19:40.614052,10996,32.02087,35.84261,290.35,0,58-10996,10612,0,0,0,0,N/A
2025-11-13T17:19:40.614052,11541,31.962997,35.882618,215.83,0,58-11541,10637,0,0,0,0,N/A
2025-11-13T17:19:40.614052,11649,31.999647,36.01603,0,0,58-11649,11675,0,0,0,0,N/A
2025-11-13T17:19:40.614052,11652,31.953737,35.888615,0,0,58-11652,10637,0,0,0,0,N/A
2025-11-13T17:19:40.614052,76678,31.945465,35.92867,27.4,1,58-76678,10643,0,0,0,0,N/A
2025-11-13T17:19:40.614052,11017,31.945896,35.928288,115.67,1,58-11017,10634,0,0,0,0,N/A
2025-11-13T17:19:40.614052,78890,31.953629,35.888893,294.7,1,58-78890,10632,0,0,0,0,N/A
2025-11-13T17:19:40.614052,42113,31.947695,35.916237,302.1,1,58-42113,10635,0,0,0,0,N/A
2025-11-13T17:19:40.614052,94951,31.977411,35.888054,31.5,1,58-94951,10627,0,0,0,0,N/A
2025-11-13T17:19:40.614052,45556,31.955372,35.884113,293.8,1,58-45556,10631,0,0,0,0,N/A
2025-11-13T17:19:40.614052,75259,31.964258,35.883846,38.6,1,58-75259,10629,0,0,0,0,N/A
2025-11-13T17:19:40.614052,37113,31.980007,35.89109,41.7,1,58-37113,10627,0,0,0,0,N/A
2025-11-13T17:19:40.614052,11547,31.954582,35.95017,75.58,1,58-11547,10635,0,0,0,0,N/A
2025-11-13T17:19:40.614052,73439,31.980982,35.89221,47.9,1,58-73439,10626,0,0,0,0,N/A
2025-11-13T17:19:40.614052,11496,32.004948,35.873497,331.4,1,58-11496,10619,0,0,0,0,N/A
2025-11-13T17:19:40.614052,11514,31.998522,35.880783,0,1,58-11514,10620,0,0,0,0,N/A
2025-11-13T17:19:40.614052,11490,32.00949,35.87139,343,1,58-11490,10619,0,0,0,0,N/A
2025-11-13T17:19:40.614052,46750,32.024677,35.856224,284.1,1,58-46750,10615,0,0,0,0,N/A
2025-11-13T17:19:40.614052,11670,32.024437,35.85701,286.88,1,58-11670,10616,0,0,0,0,N/A
2025-11-13T17:19:40.614052,11502,32.02478,35.85489,0,1,58-11502,10614,0,0,0,0,N/A
2025-11-13T17:19:40.614052,10978,31.957146,35.88077,301.39,1,58-10978,10631,0,0,0,0,N/A
2025-11-13T17:19:40.614052,11532,31.992254,35.89032,0,1,58-11532,10622,0,0,0,0,N/A
2025-11-13T17:19:40.614052,80072,31.980284,35.891373,43.1,1,58-80072,10627,0,0,0,0,N/A
2025-11-13T17:19:40.614052,11718,31.993032,35.889374,0,1,58-11718,10642,0,0,0,0,N/A
2025-11-13T17:20:24.791947,11550,32.015232,35.868057,0,0,58-11550,10617,0,0,0,0,N/A
2025-11-13T17:20:24.791947,47376,32.020878,35.842575,0,0,58-47376,10612,0,0,0,0,N/A
2025-11-13T17:20:24.791947,56867,32.020824,35.842712,287.89,0,58-56867,10612,0,0,0,0,N/A
2025-11-13T17:20:24.791947,55857,32.02084,35.842693,295.8,0,58-55857,10612,0,0,0,0,N/A
2025-11-13T17:20:24.791947,11721,32.020847,35.842743,291.57,0,58-11721,10612,0,0,0,0,N/A
2025-11-13T17:20:24.791947,88302,32.022007,35.844273,70.2,0,58-88302,10612,0,0,0,0,N/A
2025-11-13T17:20:24.791947,63779,32.024666,35.85389,0,0,58-63779,10613,0,0,0,0,N/A
2025-11-13T17:20:24.791947,93341,32.01833,35.865253,138.6,0,58-93341,11671,0,0,0,0,N/A
2025-11-13T17:20:24.791947,11499,32.01085,35.870853,164.53,0,58-11499,10618,0,0,0,0,N/A
2025-11-13T17:20:24.791947,11688,31.988415,35.895,0,0,58-11688,10623,0,0,0,0,N/A
2025-11-13T17:20:24.791947,56302,31.993654,35.888466,127.5,0,58-56302,10621,0,0,0,0,N/A
2025-11-13T17:20:24.791947,11442,31.984135,35.895653,226.9,0,58-11442,10625,0,0,0,0,N/A
2025-11-13T17:20:24.791947,10984,31.98531,35.897926,0,0,58-10984,10625,0,0,0,0,N/A
2025-11-13T17:20:24.791947,11526,31.987333,35.89603,146.1,0,58-11526,10623,0,0,0,0,N/A
2025-11-13T17:20:24.791947,11535,31.985464,35.897793,0,0,58-11535,10625,0,0,0,0,N/A
2025-11-13T17:20:24.791947,11682,31.966118,35.88545,226.85,0,58-11682,10640,0,0,0,0,N/A
2025-11-13T17:20:24.791947,11415,31.958525,35.879284,0,0,58-11415,10630,0,0,0,0,N/A
2025-11-13T17:20:24.791947,66163,31.94602,35.928097,110.4,0,58-66163,10635,0,0,0,0,N/A
2025-11-13T17:20:24.791947,59197,31.946157,35.92759,102.2,0,58-59197,10635,0,0,0,0,N/A
2025-11-13T17:20:24.791947,84113,31.946093,35.92779,102.7,0,58-84113,10636,0,0,0,0,N/A
2025-11-13T17:20:24.791947,10996,32.02087,35.84261,290.35,0,58-10996,10612,0,0,0,0,N/A
2025-11-13T17:20:24.791947,11541,31.962997,35.882618,215.83,0,58-11541,10637,0,0,0,0,N/A
2025-11-13T17:20:24.791947,11649,31.999647,36.01603,0,0,58-11649,11675,0,0,0,0,N/A
2025-11-13T17:20:24.791947,11652,31.954327,35.88695,291.49,0,58-11652,10637,0,0,0,0,N/A
2025-11-13T17:21:06.071361,11550,32.0128,35.869965,153.71,0,58-11550,10617,0,0,0,0,N/A
2025-11-13T17:21:06.071361,47376,32.020878,35.842575,0,0,58-47376,10612,0,0,0,0,N/A
2025-11-13T17:21:06.071361,56867,32.020824,35.842712,287.89,0,58-56867,10612,0,0,0,0,N/A
2025-11-13T17:21:06.071361,55857,32.02084,35.842693,295.8,0,58-55857,10612,0,0,0,0,N/A
2025-11-13T17:21:06.071361,11721,32.020847,35.842743,291.57,0,58-11721,10612,0,0,0,0,N/A
2025-11-13T17:21:06.071361,88302,32.02244,35.845745,73,0,58-88302,10612,0,0,0,0,N/A
2025-11-13T17:21:06.071361,63779,32.02481,35.854782,0,0,58-63779,11675,0,0,0,0,N/A
2025-11-13T17:21:06.071361,93341,32.016193,35.867226,141.4,0,58-93341,11671,0,0,0,0,N/A
2025-11-13T17:21:06.071361,11499,32.007526,35.872025,161.84,0,58-11499,10618,0,0,0,0,N/A
2025-11-13T17:21:06.071361,11688,31.988415,35.895,0,0,58-11688,10623,0,0,0,0,N/A
2025-11-13T17:21:06.071361,56302,31.993237,35.889107,130.6,0,58-56302,10621,0,0,0,0,N/A
2025-11-13T17:21:06.071361,11442,31.983501,35.894974,223.3,0,58-11442,10625,0,0,0,0,N/A
2025-11-13T17:21:06.071361,10984,31.985224,35.898136,0,0,58-10984,10625,0,0,0,0,N/A
2025-11-13T17:21:06.071361,11526,31.98671,35.896595,0,0,58-11526,10623,0,0,0,0,N/A
2025-11-13T17:21:06.071361,11535,31.985464,35.897793,0,0,58-11535,10625,0,0,0,0,N/A
2025-11-13T17:21:06.071361,11682,31.9647,35.884045,0,0,58-11682,10629,0,0,0,0,N/A
2025-11-13T17:21:06.071361,11415,31.958525,35.879284,0,0,58-11415,10630,0,0,0,0,N/A
2025-11-13T17:21:06.071361,66163,31.94602,35.928097,110.4,0,58-66163,10635,0,0,0,0,N/A
2025-11-13T17:21:06.071361,59197,31.946157,35.92759,102.2,0,58-59197,10635,0,0,0,0,N/A
2025-11-13T17:21:06.071361,10996,32.02087,35.84261,290.35,0,58-10996,10612,0,0,0,0,N/A
2025-11-13T17:21:06.071361,11541,31.962997,35.882618,215.83,0,58-11541,10637,0,0,0,0,N/A
2025-11-13T17:21:06.071361,11649,31.999647,36.01603,0,0,58-11649,11675,0,0,0,0,N/A
2025-11-13T17:21:06.071361,11652,31.955032,35.8848,0,0,58-11652,10637,0,0,0,0,N/A
2025-11-13T17:21:06.071361,84113,31.945345,35.928577,35.79,1,58-84113,10643,0,0,0,0,N/A
2025-11-13T17:21:06.071361,11364,31.945387,35.928642,0,1,58-11364,10643,0,0,0,0,N/A
2025-11-13T17:21:06.071361,76678,31.94634,35.92643,276.7,1,58-76678,10643,0,0,0,0,N/A
2025-11-13T17:21:06.071361,11017,31.945023,35.92864,0,1,58-11017,10634,0,0,0,0,N/A
2025-11-13T17:21:06.071361,78890,31.95487,35.885338,285.8,1,58-78890,10632,0,0,0,0,N/A
2025-11-13T17:21:06.071361,42113,31.948084,35.915535,298.39,1,58-42113,10635,0,0,0,0,N/A
2025-11-13T17:21:06.071361,94951,31.979197,35.88967,43.9,1,58-94951,10627,0,0,0,0,N/A
2025-11-13T17:21:06.071361,45556,31.958569,35.87936,29.6,1,58-45556,10630,0,0,0,0,N/A
2025-11-13T17:21:06.071361,75259,31.964808,35.884357,41.2,1,58-75259,10629,0,0,0,0,N/A
2025-11-13T17:21:06.071361,37113,31.983992,35.89592,51.6,1,58-37113,10626,0,0,0,0,N/A
2025-11-13T17:21:06.071361,11547,31.95921,35.955734,41.9,1,58-11547,10635,0,0,0,0,N/A
2025-11-13T17:21:06.071361,73439,31.984068,35.89608,47,1,58-73439,10626,0,0,0,0,N/A
2025-11-13T17:21:06.071361,11496,32.013985,35.869255,330.1,1,58-11496,10618,0,0,0,0,N/A
2025-11-13T17:21:06.071361,11514,32.00539,35.87321,0,1,58-11514,10619,0,0,0,0,N/A
2025-11-13T17:21:06.071361,11490,32.01543,35.86799,0,1,58-11490,10617,0,0,0,0,N/A
2025-11-13T17:21:06.071361,46750,32.024525,35.853107,253.6,1,58-46750,10614,0,0,0,0,N/A
2025-11-13T17:21:06.071361,11670,32.0247,35.85422,260.81,1,58-11670,10614,0,0,0,0,N/A
2025-11-13T17:21:06.071361,11502,32.024414,35.852844,252.79,1,58-11502,10614,0,0,0,0,N/A
2025-11-13T17:21:06.071361,10978,31.957146,35.88077,301.39,1,58-10978,10631,0,0,0,0,N/A
2025-11-13T17:21:06.071361,11532,31.992254,35.89032,0,1,58-11532,10622,0,0,0,0,N/A
2025-11-13T17:21:06.071361,80072,31.98104,35.892185,46.2,1,58-80072,10626,0,0,0,0,N/A
2025-11-13T17:21:06.071361,11718,31.992676,35.88997,0,1,58-11718,10642,0,0,0,0,N/A
2025-11-13T17:21:51.216663,11550,32.01039,35.871006,165.47,0,58-11550,10617,0,0,0,0,N/A
2025-11-13T17:21:51.216663,47376,32.020878,35.842575,0,0,58-47376,10612,0,0,0,0,N/A
2025-11-13T17:21:51.216663,56867,32.020824,35.842712,287.89,0,58-56867,10612,0,0,0,0,N/A
2025-11-13T17:21:51.216663,55857,32.02084,35.842693,295.8,0,58-55857,10612,0,0,0,0,N/A
2025-11-13T17:21:51.216663,11721,32.020847,35.842743,291.57,0,58-11721,10612,0,0,0,0,N/A
2025-11-13T17:21:51.216663,88302,32.023636,35.850018,70.8,0,58-88302,10613,0,0,0,0,N/A
2025-11-13T17:21:51.216663,63779,32.024387,35.85725,110.37,0,58-63779,11675,0,0,0,0,N/A
2025-11-13T17:21:51.216663,93341,32.015163,35.868168,143.69,0,58-93341,10617,0,0,0,0,N/A
2025-11-13T17:21:51.216663,11499,32.005028,35.873375,0,0,58-11499,10619,0,0,0,0,N/A
2025-11-13T17:21:51.216663,11688,31.987127,35.896194,147.88,0,58-11688,10623,0,0,0,0,N/A
2025-11-13T17:21:51.216663,56302,31.993067,35.889362,125.4,0,58-56302,10621,0,0,0,0,N/A
2025-11-13T17:21:51.216663,11442,31.981552,35.89273,221.5,0,58-11442,10625,0,0,0,0,N/A
2025-11-13T17:21:51.216663,10984,31.985579,35.898403,333.01,0,58-10984,10625,0,0,0,0,N/A
2025-11-13T17:21:51.216663,11526,31.986012,35.8973,0,0,58-11526,10623,0,0,0,0,N/A
2025-11-13T17:21:51.216663,11535,31.985312,35.897907,0,0,58-11535,10625,0,0,0,0,N/A
2025-11-13T17:21:51.216663,11682,31.962988,35.882637,213.18,0,58-11682,10629,0,0,0,0,N/A
2025-11-13T17:21:51.216663,11415,31.957727,35.87957,122.3,0,58-11415,10630,0,0,0,0,N/A
2025-11-13T17:21:51.216663,66163,31.94602,35.928097,110.4,0,58-66163,10635,0,0,0,0,N/A
2025-11-13T17:21:51.216663,10996,32.02087,35.84261,290.35,0,58-10996,10612,0,0,0,0,N/A
2025-11-13T17:21:51.216663,11541,31.958467,35.879185,0,0,58-11541,10637,0,0,0,0,N/A
2025-11-13T17:21:51.216663,11649,31.999647,36.01603,0,0,58-11649,11675,0,0,0,0,N/A
2025-11-13T17:21:51.216663,11652,31.957409,35.88024,302.57,0,58-11652,10637,0,0,0,0,N/A
2025-11-13T17:21:51.216663,59197,31.9454,35.92864,26.2,1,58-59197,10643,0,0,0,0,N/A
2025-11-13T17:21:51.216663,84113,31.945454,35.928684,38.9,1,58-84113,10643,0,0,0,0,N/A
2025-11-13T17:21:51.216663,11364,31.946293,35.926952,0,1,58-11364,10643,0,0,0,0,N/A
2025-11-13T17:21:51.216663,76678,31.945934,35.92325,249.9,1,58-76678,10643,0,0,0,0,N/A
2025-11-13T17:21:51.216663,11017,31.945377,35.928562,0,1,58-11017,10634,0,0,0,0,N/A
2025-11-13T17:21:51.216663,78890,31.95529,35.884262,305.1,1,58-78890,10631,0,0,0,0,N/A
2025-11-13T17:21:51.216663,42113,31.948204,35.915257,291.7,1,58-42113,10635,0,0,0,0,N/A
2025-11-13T17:21:51.216663,94951,31.98137,35.892014,51.4,1,58-94951,10626,0,0,0,0,N/A
2025-11-13T17:21:51.216663,45556,31.958801,35.87951,29.9,1,58-45556,10630,0,0,0,0,N/A
2025-11-13T17:21:51.216663,75259,31.964808,35.884357,41.2,1,58-75259,10629,0,0,0,0,N/A
2025-11-13T17:21:51.216663,37113,31.985016,35.897163,44.8,1,58-37113,10626,0,0,0,0,N/A
2025-11-13T17:21:51.216663,11547,31.962626,35.959347,39.18,1,58-11547,10635,0,0,0,0,N/A
2025-11-13T17:21:51.216663,73439,31.985056,35.897316,52.4,1,58-73439,10626,0,0,0,0,N/A
2025-11-13T17:21:51.216663,11496,32.01534,35.86813,325.39,1,58-11496,10617,0,0,0,0,N/A
2025-11-13T17:21:51.216663,11514,32.00706,35.87227,340.25,1,58-11514,10619,0,0,0,0,N/A
2025-11-13T17:21:51.216663,11490,32.01543,35.86799,0,1,58-11490,10617,0,0,0,0,N/A
2025-11-13T17:21:51.216663,46750,32.02346,35.849453,251,1,58-46750,10614,0,0,0,0,N/A
2025-11-13T17:21:51.216663,11670,32.023136,35.848316,0,1,58-11670,10613,0,0,0,0,N/A
2025-11-13T17:21:51.216663,11502,32.023235,35.848606,252.05,1,58-11502,10613,0,0,0,0,N/A
2025-11-13T17:21:51.216663,10978,31.957146,35.88077,301.39,1,58-10978,10631,0,0,0,0,N/A
2025-11-13T17:21:51.216663,11532,31.992254,35.89032,0,1,58-11532,10622,0,0,0,0,N/A
2025-11-13T17:21:51.216663,80072,31.983334,35.894947,47.1,1,58-80072,10626,0,0,0,0,N/A
2025-11-13T17:21:51.216663,11718,31.992565,35.890114,0,1,58-11718,10642,0,0,0,0,N/A
2025-11-13T17:23:11.999280,11550,32.004528,35.873684,153.35,0,58-11550,10619,0,0,0,0,N/A
2025-11-13T17:23:11.999280,47376,32.020878,35.842575,0,0,58-47376,10612,0,0,0,0,N/A
2025-11-13T17:23:11.999280,56867,32.020824,35.842712,287.89,0,58-56867,10612,0,0,0,0,N/A
2025-11-13T17:23:11.999280,55857,32.02084,35.842693,295.8,0,58-55857,10612,0,0,0,0,N/A
2025-11-13T17:23:11.999280,11721,32.020847,35.842743,291.57,0,58-11721,10612,0,0,0,0,N/A
2025-11-13T17:23:11.999280,88302,32.024773,35.85468,87.8,0,58-88302,11675,0,0,0,0,N/A
2025-11-13T17:23:11.999280,63779,32.019024,35.86449,0,0,58-63779,10616,0,0,0,0,N/A
2025-11-13T17:23:11.999280,93341,32.014942,35.868385,139.19,0,58-93341,10617,0,0,0,0,N/A
2025-11-13T17:23:11.999280,11499,31.999166,35.879738,127.18,0,58-11499,10619,0,0,0,0,N/A
2025-11-13T17:23:11.999280,11688,31.985876,35.89742,147.24,0,58-11688,10623,0,0,0,0,N/A
2025-11-13T17:23:11.999280,56302,31.993023,35.889423,126.1,0,58-56302,10621,0,0,0,0,N/A
2025-11-13T17:23:11.999280,11442,31.980886,35.892025,225.1,0,58-11442,10626,0,0,0,0,N/A
2025-11-13T17:23:11.999280,10984,31.984253,35.89583,0,0,58-10984,10625,0,0,0,0,N/A
2025-11-13T17:23:11.999280,11526,31.985744,35.897545,156.41,0,58-11526,10623,0,0,0,0,N/A
2025-11-13T17:23:11.999280,11535,31.985312,35.897907,0,0,58-11535,10625,0,0,0,0,N/A
2025-11-13T17:23:11.999280,11682,31.958586,35.879326,210.45,0,58-11682,10630,0,0,0,0,N/A
2025-11-13T17:23:11.999280,11415,31.955147,35.884445,113.87,0,58-11415,10631,0,0,0,0,N/A
2025-11-13T17:23:11.999280,66163,31.94602,35.928097,110.4,0,58-66163,10635,0,0,0,0,N/A
2025-11-13T17:23:11.999280,10996,32.02087,35.84261,290.35,0,58-10996,10612,0,0,0,0,N/A
2025-11-13T17:23:11.999280,11541,31.957983,35.8793,0,0,58-11541,10637,0,0,0,0,N/A
2025-11-13T17:23:11.999280,11649,31.999647,36.01603,0,0,58-11649,11675,0,0,0,0,N/A
2025-11-13T17:23:11.999280,11652,31.957842,35.879444,0,0,58-11652,10637,0,0,0,0,N/A
2025-11-13T17:50:54.969880,80072,32.021637,35.843037,122.4,0,58-80072,10612,0,0,0,0,N/A
2025-11-13T17:50:54.969880,37113,32.020836,35.8427,287.7,0,58-37113,10612,0,0,0,0,N/A
2025-11-13T17:50:54.969880,73439,32.020855,35.84269,291,0,58-73439,10612,0,0,0,0,N/A
2025-11-13T17:50:54.969880,46750,32.01293,35.869843,152.9,0,58-46750,10617,0,0,0,0,N/A
2025-11-13T17:50:54.969880,11514,32.020947,35.842606,291.55,0,58-11514,10612,0,0,0,0,N/A
2025-11-13T17:50:54.969880,11490,32.024715,35.854122,0,0,58-11490,10612,0,0,0,0,N/A
2025-11-13T17:50:54.969880,11496,32.024803,35.854603,88,0,58-11496,11675,0,0,0,0,N/A
2025-11-13T17:50:54.969880,11670,32.021206,35.841835,308.19,0,58-11670,10613,0,0,0,0,N/A
2025-11-13T17:50:54.969880,11502,32.01892,35.86459,0,0,58-11502,10616,0,0,0,0,N/A
2025-11-13T17:50:54.969880,11550,31.963755,35.88333,216.15,0,58-11550,10629,0,0,0,0,N/A
2025-11-13T17:50:54.969880,47376,32.003605,35.874336,144.38,0,58-47376,10619,0,0,0,0,N/A
2025-11-13T17:50:54.969880,56867,31.99221,35.8907,125.7,0,58-56867,10622,0,0,0,0,N/A
2025-11-13T17:50:54.969880,55857,31.98545,35.89782,130.19,0,58-55857,10625,0,0,0,0,N/A
2025-11-13T17:50:54.969880,11721,31.98492,35.896534,226.3,0,58-11721,10625,0,0,0,0,N/A
2025-11-13T17:50:54.969880,88302,31.961367,35.88143,212.6,0,58-88302,10629,0,0,0,0,N/A
2025-11-13T17:50:54.969880,63779,31.961388,35.88149,212.64,0,58-63779,10629,0,0,0,0,N/A
2025-11-13T17:50:54.969880,93341,31.960953,35.88119,207.6,0,58-93341,10629,0,0,0,0,N/A
2025-11-13T17:50:54.969880,11499,31.958496,35.879234,0,0,58-11499,10630,0,0,0,0,N/A
2025-11-13T17:50:54.969880,11688,31.947802,35.916004,123.56,0,58-11688,10635,0,0,0,0,N/A
2025-11-13T17:50:54.969880,56302,31.954344,35.886837,110.9,0,58-56302,10630,0,0,0,0,N/A
2025-11-13T17:50:54.969880,10984,31.94592,35.928368,119.68,0,58-10984,10635,0,0,0,0,N/A
2025-11-13T17:50:54.969880,11526,31.950344,35.901447,130.91,0,58-11526,10633,0,0,0,0,N/A
2025-11-13T17:50:54.969880,11535,31.946157,35.92743,101.58,0,58-11535,10635,0,0,0,0,N/A
2025-11-13T17:50:54.969880,10996,32.02087,35.84261,290.35,0,58-10996,10612,0,0,0,0,N/A
2025-11-13T17:50:54.969880,11541,31.946146,35.92325,252.29,0,58-11541,10637,0,0,0,0,N/A
2025-11-13T17:50:54.969880,11649,31.999647,36.01603,0,0,58-11649,11675,0,0,0,0,N/A
2025-11-13T17:50:54.969880,11652,32.015415,35.86804,0,0,58-11652,10637,0,0,0,0,N/A
2025-11-13T17:50:54.969880,11442,31.945465,35.92862,27.9,1,58-11442,10643,0,0,0,0,N/A
2025-11-13T17:50:54.969880,11682,31.947062,35.910473,244.36,1,58-11682,10635,0,0,0,0,N/A
2025-11-13T17:50:54.969880,11415,31.951921,35.897392,271.62,1,58-11415,10633,0,0,0,0,N/A
2025-11-13T17:50:54.969880,66163,31.958687,35.879463,33.6,1,58-66163,10630,0,0,0,0,N/A
2025-11-13T17:50:54.969880,59197,31.979696,35.890762,39.7,1,58-59197,10627,0,0,0,0,N/A
2025-11-13T17:50:54.969880,84113,31.981548,35.892822,45,1,58-84113,10626,0,0,0,0,N/A
2025-11-13T17:50:54.969880,11364,31.981363,35.892647,45.72,1,58-11364,10626,0,0,0,0,N/A
2025-11-13T17:50:54.969880,76678,31.985407,35.898354,55.2,1,58-76678,10625,0,0,0,0,N/A
2025-11-13T17:50:54.969880,11017,31.953064,35.94045,0,1,58-11017,10634,0,0,0,0,N/A
2025-11-13T17:50:54.969880,78890,32.01122,35.870792,342.7,1,58-78890,10618,0,0,0,0,N/A
2025-11-13T17:50:54.969880,42113,31.997412,35.88252,306.8,1,58-42113,10621,0,0,0,0,N/A
2025-11-13T17:50:54.969880,94951,32.021366,35.84189,282.6,1,58-94951,10615,0,0,0,0,N/A
2025-11-13T17:50:54.969880,45556,32.018406,35.865215,321.2,1,58-45556,10615,0,0,0,0,N/A
2025-11-13T17:50:54.969880,75259,32.022366,35.845154,252.2,1,58-75259,10613,0,0,0,0,N/A
2025-11-13T17:50:54.969880,11547,31.999916,36.013813,0,1,58-11547,10635,0,0,0,0,N/A
2025-11-13T17:50:54.969880,10978,31.957146,35.88077,301.39,1,58-10978,10631,0,0,0,0,N/A
2025-11-13T17:50:54.969880,11532,31.992254,35.89032,0,1,58-11532,10622,0,0,0,0,N/A
2025-11-13T17:50:54.969880,11718,31.951857,35.89677,88.15,1,58-11718,10642,0,0,0,0,N/A
2025-11-13T17:53:29.774141,75259,32.020832,35.842693,287.2,0,58-75259,10612,0,0,0,0,N/A
2025-11-13T17:53:29.774141,37113,32.02222,35.84499,72.3,0,58-37113,10612,0,0,0,0,N/A
2025-11-13T17:53:29.774141,73439,32.020855,35.84269,291,0,58-73439,10612,0,0,0,0,N/A
2025-11-13T17:53:29.774141,46750,32.004528,35.873722,153.3,0,58-46750,10619,0,0,0,0,N/A
2025-11-13T17:53:29.774141,11514,32.023636,35.85008,70.54,0,58-11514,10612,0,0,0,0,N/A
2025-11-13T17:53:29.774141,11490,32.018204,35.86533,0,0,58-11490,11671,0,0,0,0,N/A
2025-11-13T17:53:29.774141,11496,32.018234,35.865227,138.9,0,58-11496,11671,0,0,0,0,N/A
2025-11-13T17:53:29.774141,11670,32.021206,35.841835,308.19,0,58-11670,10613,0,0,0,0,N/A
2025-11-13T17:53:29.774141,11502,32.0154,35.867924,0,0,58-11502,10617,0,0,0,0,N/A
2025-11-13T17:53:29.774141,11550,31.953997,35.887985,0,0,58-11550,10629,0,0,0,0,N/A
2025-11-13T17:53:29.774141,47376,31.998386,35.881042,0,0,58-47376,10620,0,0,0,0,N/A
2025-11-13T17:53:29.774141,56867,31.986038,35.89734,137,0,58-56867,10623,0,0,0,0,N/A
2025-11-13T17:53:29.774141,55857,31.985306,35.897907,140.69,0,58-55857,10625,0,0,0,0,N/A
2025-11-13T17:53:29.774141,11721,31.978516,35.889435,221.75,0,58-11721,10626,0,0,0,0,N/A
2025-11-13T17:53:29.774141,88302,31.954252,35.8871,111.2,0,58-88302,10629,0,0,0,0,N/A
2025-11-13T17:53:29.774141,63779,31.954105,35.88765,0,0,58-63779,10630,0,0,0,0,N/A
2025-11-13T17:53:29.774141,93341,31.954012,35.887753,118.1,0,58-93341,10630,0,0,0,0,N/A
2025-11-13T17:53:29.774141,11499,31.953918,35.88808,0,0,58-11499,10631,0,0,0,0,N/A
2025-11-13T17:53:29.774141,11688,31.946056,35.927944,105.35,0,58-11688,10635,0,0,0,0,N/A
2025-11-13T17:53:29.774141,56302,31.949154,35.90286,142.6,0,58-56302,10632,0,0,0,0,N/A
2025-11-13T17:53:29.774141,11526,31.950344,35.901447,130.91,0,58-11526,10633,0,0,0,0,N/A
2025-11-13T17:53:29.774141,11535,31.946157,35.92743,101.58,0,58-11535,10635,0,0,0,0,N/A
2025-11-13T17:53:29.774141,10996,32.02087,35.84261,290.35,0,58-10996,10612,0,0,0,0,N/A
2025-11-13T17:53:29.774141,11541,31.948097,35.915638,0,0,58-11541,10637,0,0,0,0,N/A
2025-11-13T17:53:29.774141,11649,31.999647,36.01603,0,0,58-11649,11675,0,0,0,0,N/A
2025-11-13T17:53:29.774141,11652,32.02022,35.863163,314.67,0,58-11652,10637,0,0,0,0,N/A
2025-11-13T17:53:29.774141,10984,31.945433,35.928642,0,1,58-10984,10643,0,0,0,0,N/A
2025-11-13T17:53:29.774141,11442,31.945492,35.928616,27.9,1,58-11442,10643,0,0,0,0,N/A
2025-11-13T17:53:29.774141,11682,31.947145,35.90471,317.89,1,58-11682,10634,0,0,0,0,N/A
2025-11-13T17:53:29.774141,11415,31.953793,35.88863,0,1,58-11415,10632,0,0,0,0,N/A
2025-11-13T17:53:29.774141,66163,31.963816,35.88345,35.29,1,58-66163,10630,0,0,0,0,N/A
2025-11-13T17:53:29.774141,59197,31.98352,35.89522,45.3,1,58-59197,10626,0,0,0,0,N/A
2025-11-13T17:53:29.774141,84113,31.98576,35.898148,312.7,1,58-84113,10625,0,0,0,0,N/A
2025-11-13T17:53:29.774141,11364,31.985914,35.897987,0,1,58-11364,10625,0,0,0,0,N/A
2025-11-13T17:53:29.774141,76678,31.98882,35.89456,319.1,1,58-76678,10623,0,0,0,0,N/A
2025-11-13T17:53:29.774141,11017,31.958261,35.954826,36.1,1,58-11017,10634,0,0,0,0,N/A
2025-11-13T17:53:29.774141,78890,32.01836,35.865288,314,1,58-78890,10615,0,0,0,0,N/A
2025-11-13T17:53:29.774141,42113,32.006317,35.87261,334.6,1,58-42113,10619,0,0,0,0,N/A
2025-11-13T17:53:29.774141,94951,32.021366,35.84189,282.6,1,58-94951,10615,0,0,0,0,N/A
2025-11-13T17:53:29.774141,45556,32.024815,35.854687,266.5,1,58-45556,10614,0,0,0,0,N/A
2025-11-13T17:53:29.774141,11547,31.999926,36.015854,0,1,58-11547,10635,0,0,0,0,N/A
2025-11-13T17:53:29.774141,10978,31.957146,35.88077,301.39,1,58-10978,10631,0,0,0,0,N/A
2025-11-13T17:53:29.774141,11532,31.992254,35.89032,0,1,58-11532,10622,0,0,0,0,N/A
2025-11-13T17:53:29.774141,11718,31.945595,35.90667,0,1,58-11718,10642,0,0,0,0,N/A
